total_files_changed,total_additions,total_deletions,total_changes,large_files_changed,high_risk_files,affected_file_count,risk_level
16,577,833,1410,6,2,16,High
15,187,178,365,3,2,5,Medium
17,879,1306,2185,9,7,10,High
1,32,42,74,0,1,0,Low
4,78,15,93,1,1,1,Low
3,76,5,81,1,0,0,Low
7,452,115,567,3,1,4,Medium
3,57,16,73,0,0,0,Low
40,1486,307,1793,6,3,15,High
15,419,250,669,2,1,6,Medium
15,361,322,683,4,0,3,Medium
25,1485,631,2116,8,2,12,High
29,622,526,1148,8,5,17,High
12,493,101,594,3,0,4,Medium
3,50,38,88,1,1,1,Low
21,1696,1340,3036,10,3,18,High
2,30,35,65,1,0,1,Low
35,1399,781,2180,6,7,13,High
4,58,9,67,0,1,0,Low
4,51,48,99,1,0,1,Low
3,18,14,32,1,1,1,Low
26,892,788,1680,4,3,17,High
15,1584,1470,3054,8,2,10,High
19,554,809,1363,8,6,14,High
4,4,38,42,1,1,0,Low
9,300,246,546,2,0,2,Medium
15,294,263,557,1,1,2,Medium
11,238,341,579,4,2,1,Medium
17,1133,750,1883,6,7,16,High
4,18,19,37,0,0,1,Low
8,192,222,414,3,1,1,Medium
3,46,46,92,1,0,0,Low
5,484,322,806,4,1,2,Medium
11,436,303,739,4,1,4,Medium
26,749,1418,2167,10,5,19,High
12,150,265,415,4,1,5,Medium
3,33,27,60,0,0,1,Low
13,288,180,468,3,1,4,Medium
15,758,606,1364,9,7,20,High
7,173,220,393,1,2,6,Medium
13,485,111,596,3,1,4,Medium
1,45,43,88,0,1,0,Low
22,781,1366,2147,5,7,15,High
4,12,29,41,0,0,0,Low
2,47,34,81,1,1,0,Low
5,481,138,619,4,0,6,Medium
15,346,197,543,2,0,6,Medium
34,660,840,1500,4,3,7,High
5,470,86,556,3,2,6,Medium
2,12,26,38,1,0,1,Low
4,56,39,95,1,0,1,Low
24,596,529,1125,5,4,8,High
5,156,89,245,2,0,3,Medium
3,31,29,60,0,0,0,Low
1,66,23,89,0,0,0,Low
40,1967,658,2625,4,3,5,High
6,368,220,588,1,1,5,Medium
22,1859,366,2225,7,3,6,High
13,249,264,513,1,1,5,Medium
3,22,23,45,1,0,1,Low
15,465,142,607,4,0,2,Medium
18,1174,1313,2487,10,3,10,High
8,146,62,208,4,2,3,Medium
1,61,40,101,0,0,0,Low
36,824,990,1814,10,6,14,High
3,74,21,95,1,0,0,Low
1,70,8,78,1,0,1,Low
14,100,216,316,4,1,1,Medium
2,9,4,13,0,1,1,Low
4,54,9,63,0,0,0,Low
1,11,14,25,0,1,0,Low
1,55,31,86,1,1,0,Low
19,1098,319,1417,7,6,15,High
21,977,982,1959,4,7,11,High
3,57,23,80,1,0,1,Low
14,116,245,361,3,1,1,Medium
1,52,26,78,1,1,0,Low
4,32,9,41,1,1,1,Low
8,480,286,766,3,1,1,Medium
1,72,8,80,1,0,0,Low
8,405,200,605,1,0,4,Medium
24,549,1072,1621,10,7,9,High
10,343,122,465,1,1,6,Medium
8,269,189,458,1,0,6,Medium
1,25,24,49,1,0,1,Low
3,7,36,43,1,1,1,Low
4,69,31,100,0,1,0,Low
2,15,47,62,0,0,0,Low
9,156,88,244,4,0,3,Medium
34,562,1410,1972,10,6,16,High
1,46,36,82,1,0,0,Low
6,162,111,273,4,2,1,Medium
27,1058,560,1618,3,2,16,High
28,906,949,1855,5,4,7,High
7,472,136,608,1,0,5,Medium
8,445,333,778,4,0,2,Medium
2,21,29,50,1,0,1,Low
38,693,457,1150,3,3,10,High
5,162,302,464,1,0,5,Medium
28,1626,935,2561,7,5,15,High
2,35,32,67,0,1,0,Low
16,1346,1082,2428,4,6,13,High
4,61,32,93,0,0,0,Low
8,278,134,412,3,0,5,Medium
37,1196,902,2098,10,7,11,High
4,27,9,36,0,0,0,Low
38,1063,312,1375,8,4,8,High
3,55,27,82,0,0,0,Low
4,8,25,33,0,0,1,Low
11,295,346,641,1,2,6,Medium
38,726,722,1448,10,4,6,High
15,1924,1388,3312,5,3,9,High
3,51,28,79,0,0,1,Low
3,55,20,75,0,1,1,Low
13,414,141,555,1,2,5,Medium
7,148,196,344,4,2,5,Medium
11,324,152,476,3,2,5,Medium
28,1527,343,1870,10,3,19,High
32,1237,1173,2410,8,6,7,High
18,613,696,1309,8,3,5,High
28,1057,825,1882,7,4,16,High
8,399,339,738,1,1,1,Medium
24,1163,872,2035,8,3,10,High
4,41,8,49,0,1,0,Low
5,326,188,514,4,0,5,Medium
4,32,47,79,1,0,0,Low
14,463,102,565,3,1,1,Medium
20,1481,728,2209,3,2,8,High
15,121,156,277,3,2,3,Medium
22,1390,1060,2450,5,2,13,High
24,1411,592,2003,9,6,17,High
2,57,28,85,0,1,0,Low
9,297,114,411,4,2,4,Medium
23,1091,1477,2568,8,2,8,High
8,405,210,615,1,1,1,Medium
7,203,279,482,2,0,5,Medium
23,649,1174,1823,9,2,8,High
36,1332,1096,2428,10,6,14,High
32,1336,1318,2654,4,4,14,High
20,909,326,1235,7,7,9,High
34,799,595,1394,9,7,13,High
9,287,53,340,1,2,6,Medium
21,1246,736,1982,9,2,20,High
11,490,230,720,3,2,2,Medium
33,933,1178,2111,4,7,9,High
12,307,186,493,3,2,6,Medium
11,356,150,506,2,0,2,Medium
9,165,315,480,2,1,5,Medium
23,1231,635,1866,3,7,18,High
26,1046,566,1612,7,5,13,High
3,12,40,52,0,0,0,Low
14,220,261,481,3,2,4,Medium
25,938,1438,2376,6,5,6,High
19,1179,502,1681,3,6,14,High
13,385,279,664,2,1,5,Medium
2,34,5,39,1,0,1,Low
4,50,45,95,0,1,0,Low
36,1876,1317,3193,7,6,10,High
35,1393,545,1938,10,4,17,High
21,1028,421,1449,6,3,19,High
1,55,0,55,0,0,1,Low
7,127,229,356,1,1,1,Medium
27,1788,465,2253,6,2,16,High
40,673,800,1473,9,5,16,High
2,42,38,80,0,0,0,Low
5,370,212,582,4,0,5,Medium
3,43,24,67,0,0,1,Low
18,1778,775,2553,8,2,14,High
9,347,325,672,4,1,6,Medium
4,2,21,23,0,1,1,Low
12,220,141,361,2,2,4,Medium
29,1638,1444,3082,7,6,7,High
8,192,55,247,4,1,2,Medium
4,27,4,31,0,0,1,Low
26,1598,302,1900,9,5,20,High
23,711,967,1678,4,3,7,High
21,1984,920,2904,3,5,8,High
27,1207,1308,2515,6,7,16,High
4,33,32,65,1,0,0,Low
2,43,20,63,1,1,1,Low
40,1194,839,2033,4,7,11,High
8,390,182,572,1,0,6,Medium
2,34,33,67,0,1,1,Low
2,72,5,77,0,0,0,Low
9,255,174,429,3,0,2,Medium
11,129,330,459,4,1,5,Medium
2,8,16,24,0,1,1,Low
14,457,177,634,3,0,1,Medium
22,1861,989,2850,7,2,19,High
5,375,254,629,1,1,4,Medium
3,59,32,91,1,0,0,Low
2,75,22,97,0,1,1,Low
36,1285,892,2177,4,3,12,High
21,1142,557,1699,4,2,16,High
25,1947,663,2610,6,3,14,High
16,963,1106,2069,8,4,19,High
23,680,1443,2123,6,4,15,High
40,722,478,1200,10,3,13,High
35,1686,1301,2987,3,4,7,High
10,145,99,244,2,1,2,Medium
21,1989,859,2848,8,4,12,High
25,713,782,1495,8,4,18,High
4,59,14,73,1,0,0,Low
31,541,328,869,8,5,5,High
23,1938,1172,3110,8,3,5,High
14,440,246,686,2,1,3,Medium
10,321,140,461,3,2,2,Medium
16,1790,1098,2888,5,7,12,High
37,1887,1282,3169,8,2,20,High
34,1020,1002,2022,3,7,5,High
9,421,204,625,2,1,2,Medium
16,1584,1236,2820,7,3,8,High
4,1,0,1,1,1,1,Low
2,2,40,42,1,1,1,Low
11,148,75,223,1,0,2,Medium
19,1011,510,1521,6,4,17,High
26,661,853,1514,6,2,8,High
40,1698,1262,2960,10,5,14,High
39,1492,574,2066,8,5,14,High
40,1007,361,1368,7,4,5,High
4,61,39,100,0,1,0,Low
13,433,165,598,4,1,2,Medium
14,303,60,363,3,1,2,Medium
37,1559,672,2231,10,4,6,High
12,421,53,474,2,2,1,Medium
9,181,193,374,4,0,6,Medium
2,77,16,93,1,0,1,Low
36,1075,1021,2096,10,7,19,High
1,68,25,93,0,0,0,Low
13,151,137,288,1,2,2,Medium
12,310,126,436,1,1,4,Medium
15,106,94,200,3,2,3,Medium
2,71,47,118,1,1,1,Low
22,930,1158,2088,3,7,6,High
11,305,247,552,4,0,5,Medium
4,40,16,56,1,0,1,Low
1,40,7,47,0,1,0,Low
4,40,28,68,0,0,0,Low
16,1544,1396,2940,4,5,15,High
19,905,1285,2190,7,7,20,High
3,66,3,69,1,0,0,Low
13,122,96,218,1,0,2,Medium
9,183,256,439,3,0,5,Medium
10,433,226,659,1,2,6,Medium
40,1029,1406,2435,8,7,6,High
1,46,20,66,1,1,0,Low
20,982,506,1488,7,4,15,High
24,1801,911,2712,8,6,5,High
33,580,335,915,5,2,6,High
37,978,410,1388,6,6,19,High
5,200,51,251,4,1,6,Medium
32,1368,1329,2697,7,4,8,High
15,1363,933,2296,3,4,9,High
22,1972,629,2601,6,2,19,High
8,203,208,411,1,1,1,Medium
19,1082,1354,2436,9,6,16,High
27,1338,315,1653,3,6,5,High
31,1501,568,2069,5,3,20,High
38,1081,398,1479,9,3,11,High
38,958,828,1786,4,6,13,High
34,573,553,1126,9,2,8,High
3,65,31,96,0,1,0,Low
2,14,31,45,0,1,0,Low
38,1804,1007,2811,7,3,11,High
2,39,37,76,0,1,0,Low
35,1987,1146,3133,8,2,9,High
8,316,145,461,1,0,4,Medium
40,974,927,1901,3,3,9,High
29,1779,1259,3038,8,2,7,High
20,1919,354,2273,5,7,11,High
2,27,45,72,1,0,1,Low
10,291,327,618,2,2,6,Medium
4,70,29,99,0,0,0,Low
12,163,78,241,4,2,1,Medium
1,78,26,104,1,0,0,Low
15,479,139,618,2,0,1,Medium
13,228,91,319,3,0,2,Medium
40,1655,820,2475,8,4,17,High
9,434,258,692,2,1,3,Medium
5,156,111,267,2,2,2,Medium
1,67,24,91,1,1,1,Low
3,23,37,60,1,0,1,Low
29,1610,834,2444,4,7,7,High
12,232,155,387,4,0,5,Medium
17,848,742,1590,3,5,16,High
4,48,10,58,0,1,0,Low
4,42,44,86,0,0,0,Low
15,430,347,777,1,0,2,Medium
2,23,49,72,0,1,1,Low
28,1364,1016,2380,6,3,12,High
15,215,212,427,2,1,6,Medium
1,68,34,102,1,0,1,Low
1,19,10,29,1,1,1,Low
14,282,300,582,1,2,4,Medium
24,1697,711,2408,3,4,14,High
38,1315,575,1890,7,3,12,High
37,520,887,1407,3,3,17,High
30,1357,884,2241,8,7,16,High
17,1712,605,2317,4,3,11,High
29,1829,1024,2853,4,4,7,High
1,61,5,66,1,1,1,Low
8,485,208,693,1,1,2,Medium
3,17,46,63,1,0,1,Low
3,67,0,67,1,0,1,Low
3,38,5,43,1,0,0,Low
20,566,603,1169,6,5,5,High
15,451,207,658,1,2,2,Medium
30,1266,381,1647,9,2,5,High
5,309,218,527,2,1,1,Medium
37,1030,1091,2121,6,5,10,High
14,157,58,215,4,2,2,Medium
14,209,229,438,2,1,2,Medium
1,32,48,80,0,1,1,Low
26,993,416,1409,10,3,19,High
26,1571,497,2068,6,2,16,High
2,45,1,46,1,1,0,Low
3,35,28,63,1,0,0,Low
4,54,25,79,1,1,1,Low
14,487,258,745,4,2,3,Medium
2,61,7,68,0,1,1,Low
11,195,124,319,3,2,6,Medium
1,54,15,69,0,1,0,Low
5,290,100,390,1,0,5,Medium
2,21,45,66,1,1,1,Low
4,0,4,4,1,1,0,Low
1,40,28,68,1,0,1,Low
27,714,1031,1745,4,4,5,High
4,1,12,13,0,1,0,Low
26,1114,1242,2356,5,2,15,High
20,1140,1331,2471,3,4,15,High
31,1568,643,2211,7,5,11,High
15,372,55,427,3,1,4,Medium
23,1984,497,2481,8,4,9,High
15,811,1032,1843,10,4,10,High
9,124,197,321,2,1,2,Medium
3,48,8,56,1,0,0,Low
16,1126,1362,2488,4,5,5,High
33,1903,1404,3307,3,6,13,High
1,20,36,56,1,0,0,Low
3,23,26,49,1,0,0,Low
4,20,15,35,1,1,0,Low
4,48,16,64,1,1,1,Low
3,79,49,128,1,1,0,Low
3,77,25,102,1,1,0,Low
2,58,39,97,0,0,0,Low
14,420,91,511,1,0,4,Medium
28,1724,521,2245,10,5,6,High
35,1511,885,2396,5,2,13,High
23,989,625,1614,3,5,13,High
10,378,108,486,2,2,3,Medium
12,446,258,704,1,1,1,Medium
14,493,334,827,2,0,6,Medium
22,1969,1255,3224,8,4,20,High
7,152,224,376,2,2,4,Medium
14,443,302,745,1,2,4,Medium
14,379,309,688,4,2,2,Medium
32,1501,1154,2655,8,5,19,High
22,979,433,1412,7,5,11,High
9,196,65,261,3,2,2,Medium
35,1917,1123,3040,6,2,12,High
2,8,25,33,0,1,1,Low
1,67,47,114,0,1,1,Low
15,747,1443,2190,5,6,16,High
1,74,37,111,1,0,1,Low
12,481,336,817,4,2,1,Medium
2,2,29,31,1,0,1,Low
4,36,14,50,1,1,0,Low
28,1474,836,2310,8,3,16,High
33,758,591,1349,5,2,13,High
2,23,44,67,1,1,1,Low
5,208,178,386,2,2,3,Medium
13,365,59,424,4,0,4,Medium
13,202,273,475,2,1,4,Medium
4,0,19,19,1,0,0,Low
11,270,259,529,4,1,5,Medium
2,18,26,44,0,1,0,Low
36,1536,387,1923,6,7,18,High
2,64,35,99,0,1,0,Low
14,320,262,582,1,2,6,Medium
5,357,298,655,1,1,4,Medium
1,14,20,34,0,1,0,Low
8,271,158,429,2,0,6,Medium
2,11,25,36,0,1,1,Low
14,131,338,469,2,2,6,Medium
23,1557,1191,2748,10,6,11,High
9,173,122,295,4,2,2,Medium
3,42,1,43,1,0,0,Low
1,10,39,49,0,1,1,Low
8,313,267,580,1,2,4,Medium
40,928,534,1462,7,5,10,High
28,1390,1465,2855,6,2,17,High
3,49,42,91,0,0,0,Low
7,278,290,568,2,2,5,Medium
3,49,30,79,1,0,0,Low
25,1773,870,2643,5,4,19,High
1,0,39,39,1,0,1,Low
21,1049,1230,2279,6,3,18,High
5,251,207,458,2,0,6,Medium
2,25,48,73,1,0,1,Low
6,211,108,319,3,2,4,Medium
6,111,346,457,2,0,5,Medium
16,1558,574,2132,5,6,8,High
36,778,1382,2160,8,2,8,High
28,1401,1273,2674,3,3,8,High
33,1063,933,1996,9,3,12,High
39,1252,1222,2474,10,3,17,High
15,703,817,1520,3,6,15,High
3,3,19,22,1,1,1,Low
31,1896,707,2603,7,2,9,High
1,58,38,96,1,0,1,Low
2,78,20,98,1,0,1,Low
2,66,37,103,0,1,0,Low
2,0,25,25,0,1,1,Low
10,311,175,486,1,2,1,Medium
31,1517,1206,2723,7,4,12,High
5,207,123,330,3,1,2,Medium
1,34,34,68,0,0,0,Low
13,386,70,456,2,0,5,Medium
5,381,182,563,2,2,5,Medium
11,308,113,421,2,0,2,Medium
40,1884,376,2260,7,5,13,High
3,4,1,5,1,0,0,Low
6,298,133,431,2,0,3,Medium
18,1848,808,2656,7,7,9,High
1,60,41,101,0,1,1,Low
1,69,36,105,0,0,0,Low
11,178,122,300,3,1,4,Medium
5,230,116,346,1,2,5,Medium
4,35,29,64,1,1,0,Low
3,69,16,85,0,0,0,Low
35,1120,1084,2204,10,6,8,High
1,27,1,28,0,0,0,Low
17,966,1424,2390,9,7,7,High
6,362,53,415,2,0,4,Medium
13,412,230,642,1,0,2,Medium
35,1753,609,2362,3,5,5,High
4,64,7,71,1,1,1,Low
11,436,165,601,3,0,4,Medium
2,57,4,61,1,1,0,Low
15,447,345,792,2,2,4,Medium
33,1833,1404,3237,8,5,7,High
9,169,162,331,3,2,4,Medium
19,1617,638,2255,7,5,9,High
5,379,319,698,4,0,3,Medium
13,134,232,366,2,0,3,Medium
1,16,39,55,0,1,1,Low
24,940,761,1701,6,7,20,High
3,39,27,66,1,0,0,Low
5,364,194,558,1,1,1,Medium
29,565,757,1322,5,6,7,High
17,808,1163,1971,4,6,20,High
25,687,1320,2007,3,2,6,High
2,56,48,104,0,0,1,Low
3,35,34,69,0,1,0,Low
4,78,21,99,1,1,1,Low
4,67,4,71,1,0,1,Low
14,389,92,481,2,1,6,Medium
5,330,67,397,1,0,5,Medium
28,1852,913,2765,3,4,16,High
10,280,154,434,4,1,4,Medium
4,6,38,44,1,0,0,Low
15,1293,894,2187,5,6,5,High
16,1175,958,2133,9,3,19,High
1,23,28,51,0,1,0,Low
15,239,239,478,2,1,4,Medium
4,72,5,77,1,0,0,Low
4,35,34,69,1,0,1,Low
8,426,144,570,1,0,3,Medium
13,161,63,224,4,0,2,Medium
11,135,246,381,2,0,1,Medium
34,1809,307,2116,8,6,5,High
15,383,347,730,4,2,5,Medium
1,35,21,56,1,1,1,Low
34,1040,312,1352,9,3,11,High
40,1261,1305,2566,5,5,8,High
2,36,14,50,1,1,1,Low
26,1764,312,2076,5,5,20,High
10,245,253,498,2,2,1,Medium
39,597,1443,2040,7,2,16,High
5,189,94,283,4,0,5,Medium
3,33,35,68,1,0,1,Low
29,646,1488,2134,4,7,10,High
30,585,1378,1963,3,3,14,High
4,34,14,48,0,1,1,Low
1,18,41,59,0,1,1,Low
1,27,41,68,0,0,0,Low
7,299,167,466,3,1,6,Medium
4,59,15,74,0,1,1,Low
3,12,44,56,1,1,0,Low
4,1,32,33,0,0,0,Low
3,59,37,96,1,1,1,Low
27,1568,670,2238,9,5,5,High
5,186,202,388,2,0,3,Medium
1,73,1,74,0,0,0,Low
2,77,9,86,1,0,0,Low
18,1925,830,2755,4,3,18,High
8,223,342,565,1,2,4,Medium
1,25,7,32,0,1,0,Low
2,47,20,67,0,1,0,Low
37,1218,1231,2449,5,7,7,High
30,1225,568,1793,6,3,7,High
37,1609,773,2382,4,5,12,High
18,672,1299,1971,5,6,6,High
21,554,1479,2033,3,5,7,High
33,705,1363,2068,3,5,7,High
14,496,213,709,4,0,4,Medium
30,1131,357,1488,7,6,7,High
4,8,46,54,0,1,0,Low
4,20,9,29,1,1,1,Low
29,1454,558,2012,4,2,20,High
24,1417,456,1873,9,2,17,High
14,418,278,696,2,0,2,Medium
38,1803,1439,3242,7,5,19,High
26,1755,914,2669,4,7,18,High
11,225,124,349,1,1,2,Medium
4,13,36,49,1,0,1,Low
1,2,36,38,0,0,0,Low
9,443,129,572,1,1,3,Medium
19,1471,961,2432,8,4,7,High
11,291,302,593,1,1,6,Medium
35,971,548,1519,5,4,17,High
28,1061,474,1535,8,2,7,High
10,143,249,392,4,1,3,Medium
15,383,258,641,4,1,3,Medium
2,10,34,44,1,1,1,Low
4,1,44,45,1,1,0,Low
13,482,181,663,4,1,5,Medium
5,324,237,561,2,0,2,Medium
2,61,22,83,0,0,1,Low
30,1046,500,1546,3,4,8,High
26,1786,748,2534,10,3,6,High
37,1772,797,2569,6,2,18,High
14,316,203,519,2,1,4,Medium
2,75,22,97,1,0,1,Low
9,320,109,429,2,2,6,Medium
15,399,159,558,4,0,4,Medium
1,18,30,48,1,1,0,Low
3,12,48,60,1,1,1,Low
13,184,316,500,1,2,3,Medium
3,25,36,61,1,0,1,Low
2,15,7,22,0,1,0,Low
12,164,231,395,1,0,3,Medium
2,67,19,86,1,1,1,Low
3,0,23,23,1,1,0,Low
20,1566,928,2494,7,4,18,High
9,472,295,767,3,2,1,Medium
10,389,159,548,1,0,1,Medium
1,45,36,81,0,1,1,Low
14,169,199,368,2,1,2,Medium
15,391,157,548,2,2,6,Medium
3,12,17,29,0,0,1,Low
6,413,233,646,4,0,5,Medium
22,587,1343,1930,8,7,9,High
3,18,10,28,0,0,1,Low
31,513,1219,1732,3,3,13,High
11,362,238,600,3,1,2,Medium
3,69,18,87,0,1,1,Low
3,0,39,39,1,1,1,Low
2,0,33,33,0,1,0,Low
2,48,41,89,1,0,1,Low
16,1342,650,1992,4,5,10,High
1,20,16,36,1,1,0,Low
12,108,170,278,3,2,5,Medium
3,18,44,62,1,0,0,Low
2,68,29,97,1,1,0,Low
12,189,143,332,1,0,2,Medium
12,310,289,599,3,2,4,Medium
1,58,26,84,0,0,0,Low
12,302,148,450,3,0,1,Medium
33,1925,728,2653,10,7,12,High
9,416,308,724,4,1,1,Medium
3,3,28,31,1,0,1,Low
29,961,544,1505,4,2,20,High
15,341,195,536,4,0,1,Medium
34,1600,972,2572,7,6,18,High
1,23,35,58,1,0,1,Low
15,111,81,192,4,0,3,Medium
8,141,259,400,1,1,3,Medium
18,674,1062,1736,7,6,12,High
27,1582,559,2141,7,6,19,High
23,1068,1487,2555,10,2,6,High
15,997,847,1844,3,5,8,High
5,343,96,439,1,2,6,Medium
12,387,246,633,1,1,1,Medium
2,36,24,60,1,0,0,Low
2,13,17,30,0,1,0,Low
13,429,181,610,3,1,2,Medium
1,71,46,117,0,0,0,Low
2,67,18,85,1,0,1,Low
4,6,35,41,1,0,1,Low
10,209,303,512,4,0,6,Medium
5,137,74,211,2,0,3,Medium
36,1981,931,2912,9,2,10,High
19,1064,829,1893,9,5,10,High
15,370,296,666,3,1,4,Medium
17,1645,598,2243,9,6,5,High
31,1800,751,2551,6,4,6,High
4,58,26,84,0,0,0,Low
13,316,129,445,2,2,1,Medium
4,66,49,115,1,0,0,Low
5,293,57,350,1,2,1,Medium
35,1596,1399,2995,4,7,10,High
25,730,1283,2013,7,6,8,High
7,251,54,305,3,1,3,Medium
34,539,1075,1614,7,2,6,High
2,35,25,60,1,1,1,Low
20,1207,649,1856,6,4,11,High
9,372,237,609,3,2,1,Medium
39,1301,1282,2583,4,7,8,High
32,1231,1394,2625,3,7,14,High
10,215,167,382,4,2,1,Medium
2,12,40,52,0,0,0,Low
1,31,33,64,1,0,1,Low
33,1667,690,2357,7,5,13,High
1,44,14,58,0,0,0,Low
9,224,241,465,2,1,6,Medium
31,1221,415,1636,9,3,12,High
2,50,44,94,1,0,1,Low
18,1353,1285,2638,10,7,7,High
27,852,1229,2081,7,2,11,High
36,1415,891,2306,9,3,6,High
18,1158,1482,2640,3,5,14,High
15,427,228,655,4,1,3,Medium
32,781,659,1440,5,5,13,High
14,436,109,545,1,0,1,Medium
13,392,275,667,3,2,4,Medium
21,1412,446,1858,8,4,20,High
3,2,41,43,0,0,1,Low
9,357,67,424,3,0,5,Medium
25,843,465,1308,6,7,6,High
1,33,44,77,0,0,0,Low
6,116,122,238,2,0,5,Medium
4,75,32,107,1,1,0,Low
40,1932,1392,3324,8,6,7,High
30,798,471,1269,9,3,7,High
3,34,0,34,0,0,0,Low
6,312,197,509,1,2,5,Medium
9,245,292,537,1,0,3,Medium
8,182,289,471,4,2,3,Medium
11,119,265,384,3,2,1,Medium
30,734,1361,2095,5,4,19,High
3,2,9,11,1,0,0,Low
3,47,14,61,1,1,0,Low
36,1693,674,2367,7,6,14,High
35,548,761,1309,8,2,10,High
4,29,21,50,1,0,0,Low
2,49,36,85,1,0,1,Low
3,64,3,67,1,0,1,Low
2,17,1,18,1,1,0,Low
6,243,122,365,4,0,3,Medium
24,595,467,1062,4,6,16,High
3,79,2,81,0,0,0,Low
6,212,300,512,1,0,2,Medium
30,746,1029,1775,7,2,19,High
9,198,147,345,3,2,6,Medium
19,1759,680,2439,3,6,6,High
1,49,7,56,0,1,0,Low
4,0,7,7,0,0,1,Low
2,15,1,16,1,0,0,Low
4,26,16,42,0,0,0,Low
6,202,182,384,3,2,1,Medium
9,147,273,420,3,2,6,Medium
1,22,36,58,0,0,1,Low
6,348,142,490,4,0,6,Medium
2,3,22,25,1,1,0,Low
37,1060,371,1431,9,3,18,High
2,49,13,62,1,0,0,Low
4,56,48,104,0,1,1,Low
34,1391,312,1703,5,3,14,High
15,363,293,656,3,0,4,Medium
5,318,326,644,1,2,5,Medium
11,289,102,391,2,1,4,Medium
6,109,141,250,3,0,1,Medium
19,793,694,1487,3,2,14,High
12,477,145,622,1,0,2,Medium
30,1905,975,2880,3,6,6,High
22,523,923,1446,6,6,12,High
3,5,3,8,1,1,0,Low
15,1645,617,2262,8,5,18,High
17,695,844,1539,7,5,10,High
5,328,126,454,1,1,6,Medium
19,654,1336,1990,3,3,6,High
3,31,9,40,1,1,1,Low
4,65,39,104,0,1,0,Low
1,52,41,93,1,0,1,Low
26,925,345,1270,9,3,20,High
14,435,125,560,4,0,2,Medium
40,727,1133,1860,4,6,6,High
25,828,889,1717,9,2,11,High
3,69,40,109,0,1,0,Low
15,124,67,191,2,0,3,Medium
3,64,39,103,1,1,1,Low
6,216,335,551,2,0,1,Medium
30,1614,1443,3057,6,6,16,High
21,1915,472,2387,5,2,13,High
8,395,215,610,3,2,3,Medium
13,138,168,306,3,2,2,Medium
34,661,1168,1829,6,6,17,High
10,141,295,436,4,0,6,Medium
37,1992,848,2840,8,3,14,High
2,7,49,56,0,0,0,Low
2,68,5,73,1,1,1,Low
4,16,44,60,1,1,1,Low
15,202,220,422,3,0,1,Medium
25,1497,835,2332,5,4,10,High
13,324,176,500,1,2,6,Medium
14,278,88,366,4,1,3,Medium
7,224,224,448,1,2,4,Medium
15,1512,1178,2690,6,4,11,High
15,1057,1240,2297,5,7,11,High
2,11,16,27,1,1,0,Low
10,313,291,604,3,0,5,Medium
34,757,1056,1813,5,7,15,High
3,40,22,62,1,0,1,Low
11,441,309,750,4,1,4,Medium
19,1609,619,2228,3,7,18,High
2,52,17,69,0,0,1,Low
15,353,336,689,1,1,6,Medium
26,1766,1134,2900,4,5,9,High
4,58,35,93,0,1,0,Low
31,1259,1138,2397,9,7,9,High
2,67,45,112,1,1,0,Low
2,37,12,49,0,0,1,Low
16,818,1410,2228,3,7,14,High
33,763,821,1584,5,7,17,High
19,762,1388,2150,3,3,17,High
4,60,19,79,1,1,1,Low
21,1749,874,2623,8,3,18,High
3,34,32,66,0,0,1,Low
15,270,108,378,4,0,4,Medium
18,740,716,1456,8,4,11,High
25,1947,433,2380,6,4,20,High
14,275,290,565,2,1,1,Medium
16,1292,1183,2475,6,6,6,High
30,1169,1353,2522,4,5,20,High
5,315,210,525,3,1,6,Medium
7,433,88,521,1,1,2,Medium
3,15,12,27,0,0,1,Low
9,283,211,494,3,2,4,Medium
2,69,33,102,0,1,0,Low
25,1550,1148,2698,7,7,18,High
17,532,676,1208,8,3,12,High
39,1137,1249,2386,3,5,12,High
34,655,1499,2154,5,3,12,High
36,1267,1185,2452,6,2,13,High
8,343,172,515,3,2,6,Medium
10,142,260,402,4,1,2,Medium
29,1537,597,2134,6,3,19,High
2,22,9,31,1,0,1,Low
4,76,27,103,1,0,0,Low
8,115,194,309,4,2,6,Medium
4,46,44,90,0,1,0,Low
13,222,233,455,3,1,6,Medium
13,423,248,671,3,1,1,Medium
33,1022,624,1646,10,3,18,High
4,37,3,40,0,1,0,Low
29,1080,305,1385,6,4,18,High
30,1392,500,1892,9,7,7,High
40,1879,979,2858,3,4,19,High
3,61,49,110,1,0,1,Low
1,78,47,125,0,1,1,Low
16,1004,889,1893,6,2,17,High
5,336,121,457,3,1,4,Medium
20,1397,1393,2790,8,4,8,High
33,1126,1422,2548,10,5,7,High
22,1788,1082,2870,6,2,13,High
14,442,154,596,2,1,1,Medium
1,10,33,43,1,1,0,Low
10,133,291,424,3,1,1,Medium
18,1830,692,2522,6,3,10,High
20,1013,963,1976,3,6,5,High
19,774,514,1288,5,6,13,High
9,401,162,563,3,0,2,Medium
11,483,93,576,3,2,3,Medium
3,20,18,38,1,0,0,Low
3,35,9,44,0,0,1,Low
1,68,42,110,1,1,1,Low
2,65,34,99,1,0,0,Low
4,68,36,104,0,0,0,Low
11,101,295,396,2,2,1,Medium
23,753,306,1059,9,6,9,High
27,616,1267,1883,10,5,14,High
6,385,152,537,3,2,2,Medium
1,36,41,77,1,0,0,Low
11,216,233,449,2,1,4,Medium
26,962,782,1744,8,7,11,High
5,368,50,418,2,1,4,Medium
4,67,17,84,0,0,0,Low
15,267,293,560,3,2,4,Medium
7,382,231,613,2,0,2,Medium
2,74,34,108,0,0,1,Low
35,1122,767,1889,8,5,9,High
12,110,61,171,3,2,4,Medium
10,212,219,431,4,1,1,Medium
33,596,1418,2014,8,3,20,High
1,48,31,79,0,0,1,Low
15,208,328,536,2,2,2,Medium
30,1188,1149,2337,3,4,10,High
3,71,41,112,1,1,0,Low
18,693,829,1522,7,4,9,High
21,1921,735,2656,10,3,12,High
14,238,348,586,1,2,4,Medium
4,74,7,81,0,0,0,Low
25,1582,396,1978,10,4,9,High
3,55,16,71,0,1,1,Low
20,1719,384,2103,10,7,6,High
29,1310,858,2168,5,7,6,High
12,236,322,558,1,1,6,Medium
15,452,294,746,3,2,1,Medium
2,45,33,78,0,1,0,Low
14,249,107,356,3,0,4,Medium
4,3,29,32,0,1,0,Low
12,358,217,575,4,1,3,Medium
24,550,799,1349,3,5,20,High
31,1574,1435,3009,9,3,19,High
7,404,269,673,4,2,5,Medium
2,75,23,98,0,1,1,Low
21,720,352,1072,7,2,12,High
11,411,105,516,2,0,6,Medium
2,33,26,59,0,0,0,Low
4,37,35,72,0,0,0,Low
2,66,11,77,1,1,0,Low
5,131,89,220,4,1,3,Medium
5,168,186,354,1,0,4,Medium
4,3,7,10,1,0,0,Low
9,244,135,379,1,0,2,Medium
3,21,10,31,1,0,0,Low
6,105,263,368,2,2,4,Medium
12,289,224,513,1,0,6,Medium
2,64,7,71,0,0,0,Low
14,436,152,588,3,2,5,Medium
4,6,9,15,0,0,0,Low
5,302,123,425,1,0,3,Medium
8,455,68,523,1,2,1,Medium
1,24,39,63,0,1,1,Low
34,1419,992,2411,5,2,12,High
2,39,40,79,1,0,0,Low
15,252,153,405,3,2,2,Medium
38,510,1335,1845,6,7,7,High
37,1519,1201,2720,3,4,19,High
32,1747,1273,3020,9,4,5,High
39,1425,1155,2580,6,7,12,High
8,305,127,432,4,2,3,Medium
11,376,114,490,3,0,4,Medium
24,1865,1413,3278,5,5,12,High
38,1943,453,2396,4,2,17,High
3,33,7,40,0,1,1,Low
4,35,19,54,1,1,0,Low
35,1492,544,2036,6,3,6,High
1,32,6,38,1,0,1,Low
7,492,113,605,1,1,5,Medium
24,1801,716,2517,8,6,18,High
24,715,589,1304,7,5,15,High
38,942,900,1842,3,4,14,High
4,67,46,113,0,1,0,Low
14,187,253,440,4,2,6,Medium
25,1272,1436,2708,8,5,19,High
3,33,34,67,1,0,0,Low
4,31,31,62,1,1,0,Low
29,1417,502,1919,3,6,11,High
21,1133,1382,2515,10,7,6,High
11,295,129,424,3,1,5,Medium
10,292,199,491,4,2,3,Medium
27,1430,699,2129,9,4,6,High
3,57,2,59,1,1,1,Low
26,1317,1230,2547,3,6,7,High
2,31,31,62,0,1,1,Low
10,330,290,620,2,0,6,Medium
5,249,180,429,2,1,6,Medium
27,1723,702,2425,8,6,11,High
10,121,137,258,1,0,2,Medium
33,1930,666,2596,6,2,12,High
2,28,12,40,1,1,0,Low
2,7,20,27,1,1,0,Low
4,22,8,30,1,1,1,Low
13,358,95,453,3,2,6,Medium
2,29,39,68,1,0,1,Low
10,144,228,372,2,1,4,Medium
14,270,64,334,3,1,5,Medium
6,451,159,610,1,1,2,Medium
2,5,43,48,1,1,1,Low
3,38,0,38,0,0,1,Low
1,32,16,48,1,1,1,Low
11,307,124,431,2,2,3,Medium
37,1634,1043,2677,3,4,6,High
3,11,22,33,1,0,0,Low
34,793,1471,2264,10,4,16,High
6,347,263,610,3,1,5,Medium
12,176,278,454,2,0,6,Medium
3,78,28,106,0,0,1,Low
4,38,4,42,0,0,0,Low
36,849,1449,2298,3,6,8,High
3,60,39,99,0,0,0,Low
39,1735,391,2126,3,4,7,High
29,1189,886,2075,10,7,12,High
5,445,235,680,1,2,2,Medium
14,354,69,423,2,0,1,Medium
39,516,775,1291,9,2,6,High
13,289,214,503,4,2,4,Medium
1,39,44,83,0,1,1,Low
34,1570,898,2468,7,6,5,High
2,13,25,38,1,0,1,Low
15,1865,867,2732,5,4,14,High
11,403,215,618,3,2,1,Medium
25,1021,1352,2373,10,3,5,High
2,42,2,44,1,1,1,Low
5,437,230,667,3,1,1,Medium
2,21,36,57,1,0,1,Low
6,111,237,348,2,1,6,Medium
34,1491,1379,2870,9,2,20,High
31,659,1169,1828,4,5,8,High
9,227,71,298,4,2,5,Medium
1,50,7,57,0,0,1,Low
3,68,12,80,0,1,0,Low
37,526,1241,1767,4,2,16,High
11,344,319,663,3,0,1,Medium
3,47,40,87,0,0,0,Low
2,33,3,36,1,0,0,Low
5,393,199,592,4,0,3,Medium
8,155,160,315,2,0,5,Medium
38,1039,1304,2343,5,5,20,High
2,24,1,25,1,0,0,Low
4,34,29,63,0,1,0,Low
8,406,201,607,2,0,2,Medium
1,25,35,60,0,1,0,Low
40,740,846,1586,8,4,17,High
36,1408,695,2103,4,2,20,High
8,181,291,472,1,0,4,Medium
11,189,254,443,3,2,5,Medium
4,41,8,49,1,0,1,Low
10,155,336,491,2,0,3,Medium
4,6,26,32,1,1,1,Low
1,12,46,58,1,0,1,Low
29,1049,942,1991,8,3,19,High
25,924,592,1516,3,3,19,High
19,945,1323,2268,8,6,15,High
17,1557,881,2438,5,7,20,High
8,134,295,429,1,2,3,Medium
10,472,342,814,2,2,2,Medium
23,680,456,1136,8,4,13,High
19,1205,533,1738,10,6,12,High
3,52,22,74,1,0,0,Low
4,23,24,47,1,0,1,Low
23,693,781,1474,5,4,8,High
33,1423,322,1745,10,2,17,High
2,14,16,30,1,1,0,Low
38,1668,650,2318,9,2,16,High
13,462,205,667,4,2,5,Medium
15,175,226,401,3,2,5,Medium
20,505,490,995,6,6,6,High
7,215,319,534,3,0,5,Medium
13,341,332,673,1,1,2,Medium
4,7,30,37,0,0,0,Low
5,315,278,593,1,1,1,Medium
2,71,4,75,1,1,1,Low
9,484,181,665,4,1,2,Medium
2,75,9,84,1,0,0,Low
14,330,72,402,4,0,6,Medium
34,963,748,1711,3,7,14,High
22,1518,520,2038,10,6,9,High
40,983,979,1962,5,4,9,High
5,232,129,361,3,0,4,Medium
16,852,595,1447,3,5,6,High
2,17,18,35,1,0,1,Low
33,507,1392,1899,8,4,19,High
4,35,2,37,0,1,0,Low
28,920,1378,2298,10,2,6,High
10,199,56,255,2,2,1,Medium
1,2,11,13,1,1,1,Low
13,430,328,758,2,0,4,Medium
25,1580,996,2576,5,7,5,High
2,59,46,105,1,1,0,Low
40,1889,618,2507,3,3,11,High
3,79,3,82,1,1,1,Low
4,13,34,47,1,0,1,Low
2,44,18,62,0,0,0,Low
17,987,1484,2471,3,7,10,High
23,1841,1197,3038,10,6,20,High
7,162,153,315,3,2,4,Medium
4,29,10,39,1,1,0,Low
12,450,257,707,4,0,6,Medium
4,53,46,99,0,0,1,Low
10,231,88,319,4,0,5,Medium
2,57,10,67,0,0,1,Low
10,496,138,634,4,1,3,Medium
1,46,24,70,1,1,1,Low
5,475,53,528,1,0,1,Medium
19,1543,302,1845,7,3,19,High
16,813,1470,2283,8,7,12,High
5,387,132,519,1,2,5,Medium
39,1720,933,2653,4,2,8,High
26,1275,1061,2336,3,3,15,High
19,1526,1146,2672,4,3,17,High
26,1967,658,2625,10,2,9,High
4,71,24,95,1,1,0,Low
9,250,319,569,2,2,5,Medium
27,1747,1424,3171,6,6,13,High
15,320,271,591,2,0,2,Medium
4,53,32,85,1,1,0,Low
2,61,41,102,1,1,0,Low
13,278,190,468,3,2,1,Medium
3,3,6,9,1,1,1,Low
26,1415,1352,2767,4,6,13,High
3,12,21,33,1,0,1,Low
2,14,20,34,0,0,0,Low
1,71,20,91,1,1,1,Low
33,1836,789,2625,5,4,19,High
2,52,33,85,1,0,1,Low
29,1355,1500,2855,9,4,11,High
21,927,917,1844,7,5,15,High
3,40,48,88,0,0,1,Low
9,122,230,352,1,0,3,Medium
12,372,193,565,4,1,5,Medium
17,1532,758,2290,5,2,10,High
1,66,31,97,0,0,0,Low
31,567,432,999,6,7,8,High
12,355,73,428,1,2,6,Medium
15,223,277,500,2,0,4,Medium
32,1289,852,2141,6,4,13,High
10,212,278,490,3,2,5,Medium
9,141,184,325,2,0,3,Medium
33,1951,650,2601,9,6,14,High
24,1979,747,2726,6,2,11,High
37,568,1174,1742,10,3,12,High
14,300,59,359,4,0,2,Medium
4,37,5,42,1,0,1,Low
2,5,38,43,1,0,0,Low
14,198,131,329,3,1,4,Medium
10,116,203,319,1,0,1,Medium
13,365,237,602,2,1,3,Medium
3,75,15,90,0,0,1,Low
4,7,3,10,1,1,1,Low
38,1139,423,1562,4,6,10,High
7,181,269,450,2,2,4,Medium
15,427,155,582,4,0,3,Medium
31,777,1135,1912,5,3,11,High
33,1238,1249,2487,7,3,13,High
9,298,70,368,4,2,6,Medium
17,1204,1125,2329,7,6,13,High
5,192,143,335,3,0,2,Medium
4,41,39,80,1,0,1,Low
5,179,56,235,4,2,2,Medium
15,1904,743,2647,3,5,14,High
2,31,45,76,0,1,1,Low
17,1852,911,2763,10,2,5,High
13,380,306,686,4,1,2,Medium
37,1010,986,1996,4,6,11,High
10,433,245,678,2,2,1,Medium
30,1661,794,2455,9,3,19,High
3,36,4,40,1,0,0,Low
4,17,24,41,1,0,1,Low
36,1045,1074,2119,7,4,19,High
22,1632,373,2005,4,7,20,High
14,220,231,451,3,1,2,Medium
12,195,311,506,2,0,5,Medium
16,1579,1426,3005,6,2,9,High
1,51,41,92,1,0,1,Low
12,200,83,283,4,0,4,Medium
34,819,568,1387,9,6,7,High
2,46,33,79,0,0,0,Low
15,406,101,507,1,1,4,Medium
8,277,342,619,2,1,1,Medium
28,1744,667,2411,6,7,8,High
13,388,162,550,1,0,5,Medium
20,1385,1093,2478,10,7,10,High
18,1001,1489,2490,7,2,7,High
6,161,151,312,1,1,2,Medium
4,55,0,55,0,0,1,Low
5,400,248,648,3,1,6,Medium
8,270,344,614,4,0,1,Medium
14,293,287,580,1,0,3,Medium
3,16,18,34,1,1,0,Low
1,50,35,85,0,1,0,Low
25,712,340,1052,4,4,10,High
8,233,260,493,1,1,1,Medium
14,300,274,574,2,0,4,Medium
6,438,105,543,3,1,2,Medium
31,1033,766,1799,3,5,20,High
24,1932,330,2262,7,4,5,High
13,352,243,595,4,0,2,Medium
4,16,4,20,1,0,1,Low
3,16,3,19,0,0,1,Low
2,27,12,39,0,1,0,Low
7,108,64,172,3,1,2,Medium
31,1000,669,1669,5,7,10,High
3,64,48,112,0,1,1,Low
23,630,907,1537,4,7,15,High
18,1255,1135,2390,10,6,16,High
39,1267,1281,2548,4,3,14,High
5,206,328,534,1,2,2,Medium
3,0,2,2,1,0,0,Low
3,71,2,73,1,1,0,Low
28,1609,345,1954,6,2,18,High
3,55,29,84,0,0,1,Low
38,1186,1085,2271,6,5,17,High
2,16,3,19,1,1,0,Low
4,12,30,42,1,1,1,Low
2,50,13,63,0,1,1,Low
4,2,21,23,0,1,1,Low
6,166,249,415,3,2,5,Medium
3,48,31,79,0,0,1,Low
4,59,44,103,1,0,0,Low
24,1821,543,2364,7,4,10,High
13,407,186,593,2,2,1,Medium
4,70,21,91,1,1,1,Low
10,262,63,325,3,0,6,Medium
29,535,394,929,3,2,17,High
23,1466,1062,2528,4,3,12,High
28,1691,807,2498,3,4,9,High
4,41,13,54,1,1,0,Low
12,331,296,627,2,2,3,Medium
2,79,45,124,0,1,0,Low
3,61,4,65,1,1,1,Low
19,775,1475,2250,6,3,14,High
2,4,34,38,0,1,0,Low
7,125,348,473,1,0,4,Medium
1,38,21,59,0,0,1,Low
14,263,210,473,3,0,1,Medium
14,495,265,760,1,2,5,Medium
11,241,248,489,2,2,4,Medium
2,78,8,86,0,0,0,Low
18,1732,727,2459,3,3,8,High
14,197,186,383,4,2,3,Medium
28,1596,1139,2735,9,7,7,High
24,1589,1091,2680,8,5,16,High
22,1594,1137,2731,5,5,6,High
15,1001,647,1648,10,3,14,High
27,528,744,1272,8,3,10,High
26,832,811,1643,6,5,16,High
20,1319,840,2159,10,5,5,High
13,243,160,403,2,2,2,Medium
1,42,47,89,0,0,1,Low
14,359,50,409,3,1,2,Medium
13,245,231,476,1,0,3,Medium
1,52,37,89,1,1,1,Low
7,126,263,389,2,0,2,Medium
32,1905,1389,3294,7,6,5,High
29,585,1062,1647,8,5,19,High
27,1119,1318,2437,3,3,5,High
33,745,1155,1900,10,5,5,High
14,456,305,761,4,0,4,Medium
15,407,296,703,1,2,3,Medium
3,29,23,52,1,1,1,Low
1,20,19,39,0,0,1,Low
6,101,194,295,4,1,4,Medium
3,17,18,35,0,0,1,Low
3,6,3,9,1,0,1,Low
5,425,311,736,3,1,5,Medium
3,15,25,40,1,0,1,Low
21,1829,506,2335,9,2,15,High
3,34,3,37,0,0,1,Low
2,72,13,85,0,0,0,Low
24,1350,741,2091,7,2,15,High
20,546,1056,1602,5,6,6,High
1,61,43,104,0,1,1,Low
10,280,236,516,2,1,3,Medium
31,1041,388,1429,5,6,6,High
9,180,173,353,3,2,6,Medium
18,1545,1455,3000,3,7,15,High
20,1949,1278,3227,10,3,7,High
10,291,128,419,2,2,3,Medium
24,1448,1063,2511,9,3,7,High
7,430,147,577,4,0,4,Medium
19,820,634,1454,10,2,6,High
10,411,109,520,3,2,5,Medium
11,474,341,815,1,0,2,Medium
18,870,1435,2305,5,5,10,High
1,12,11,23,0,1,1,Low
26,504,530,1034,3,6,6,High
30,1829,357,2186,4,2,11,High
4,42,49,91,0,1,1,Low
3,52,29,81,0,0,1,Low
3,69,0,69,0,0,1,Low
5,471,343,814,1,2,2,Medium
37,810,900,1710,5,3,16,High
15,1719,1054,2773,6,4,11,High
3,13,9,22,1,1,1,Low
5,234,271,505,4,1,4,Medium
18,524,459,983,6,3,19,High
24,946,1084,2030,3,2,8,High
2,33,17,50,1,1,0,Low
12,474,106,580,4,1,3,Medium
29,1487,1102,2589,9,7,18,High
32,1204,861,2065,9,3,15,High
15,263,308,571,2,2,1,Medium
27,1002,1121,2123,4,6,11,High
3,5,34,39,1,0,0,Low
6,335,118,453,3,0,1,Medium
3,20,41,61,1,1,1,Low
3,9,17,26,1,0,0,Low
4,9,24,33,1,0,0,Low
1,12,20,32,0,0,0,Low
7,475,54,529,2,2,6,Medium
24,1379,1044,2423,5,6,19,High
5,127,74,201,2,1,1,Medium
4,63,16,79,1,1,0,Low
2,14,33,47,1,0,1,Low
26,1842,300,2142,5,7,12,High
2,16,23,39,0,1,0,Low
7,334,316,650,3,0,4,Medium
1,75,22,97,0,1,1,Low
4,56,35,91,1,0,1,Low
12,314,183,497,1,1,1,Medium
11,374,125,499,3,2,1,Medium
33,1030,1443,2473,6,2,6,High
19,1950,963,2913,9,3,20,High
22,1737,324,2061,4,4,13,High
6,109,155,264,3,1,1,Medium
21,874,487,1361,9,6,11,High
38,1217,1468,2685,3,4,5,High
5,429,311,740,4,0,3,Medium
20,1992,901,2893,5,4,16,High
1,1,38,39,1,0,0,Low
21,770,1091,1861,9,4,18,High
2,63,26,89,1,0,1,Low
27,847,349,1196,6,2,8,High
13,226,286,512,2,0,4,Medium
12,337,231,568,1,0,5,Medium
9,128,163,291,3,1,4,Medium
2,76,40,116,0,0,1,Low
7,280,95,375,1,1,4,Medium
10,305,81,386,3,1,3,Medium
16,1216,417,1633,3,7,11,High
1,2,30,32,1,0,1,Low
38,1731,1023,2754,9,3,5,High
4,8,33,41,0,1,0,Low
8,440,69,509,3,0,6,Medium
3,53,21,74,0,1,0,Low
26,1196,803,1999,5,4,5,High
29,1547,570,2117,9,7,10,High
21,515,1167,1682,9,5,12,High
5,482,136,618,2,0,6,Medium
11,177,124,301,3,0,5,Medium
4,74,32,106,1,1,0,Low
12,122,117,239,2,2,5,Medium
2,10,38,48,1,0,0,Low
3,16,22,38,1,0,1,Low
10,197,324,521,4,1,6,Medium
1,33,5,38,0,1,0,Low
10,249,337,586,1,0,6,Medium
17,581,1155,1736,9,7,14,High
10,495,160,655,2,0,5,Medium
1,68,31,99,1,0,0,Low
3,6,5,11,0,0,1,Low
17,1368,1111,2479,9,4,17,High
26,1850,1011,2861,7,2,18,High
4,78,5,83,1,0,1,Low
11,165,119,284,1,2,4,Medium
9,168,153,321,2,0,2,Medium
3,17,35,52,0,0,0,Low
10,224,102,326,2,1,2,Medium
8,472,221,693,2,1,3,Medium
3,28,9,37,1,1,1,Low
4,14,34,48,0,0,0,Low
4,3,25,28,1,0,0,Low
21,1065,811,1876,4,2,5,High
15,1454,1269,2723,4,7,6,High
1,38,0,38,0,0,1,Low
4,76,44,120,0,1,1,Low
15,148,295,443,1,1,3,Medium
6,403,345,748,1,2,4,Medium
38,579,779,1358,8,4,7,High
26,1493,821,2314,7,6,7,High
21,659,1260,1919,8,6,15,High
4,59,10,69,0,0,1,Low
15,479,265,744,4,2,3,Medium
4,11,17,28,0,1,1,Low
36,998,602,1600,9,7,10,High
4,41,21,62,0,1,0,Low
1,28,12,40,0,0,1,Low
36,833,810,1643,9,6,13,High
2,70,2,72,0,0,1,Low
2,4,28,32,0,1,0,Low
18,1899,1453,3352,9,5,18,High
6,130,60,190,4,1,6,Medium
26,1095,969,2064,8,7,14,High
37,1492,599,2091,4,5,8,High
19,1871,1097,2968,4,5,15,High
4,19,23,42,1,0,0,Low
23,1838,1392,3230,9,2,10,High
1,4,48,52,1,1,0,Low
23,1819,1326,3145,3,3,19,High
11,304,234,538,3,1,3,Medium
13,185,101,286,3,0,5,Medium
29,820,1121,1941,8,6,8,High
10,129,69,198,4,0,2,Medium
15,290,169,459,4,0,6,Medium
10,302,115,417,4,1,4,Medium
14,355,220,575,3,0,2,Medium
40,1118,1115,2233,6,6,15,High
3,49,11,60,0,1,1,Low
1,60,40,100,0,1,0,Low
28,1856,696,2552,10,4,16,High
4,12,18,30,0,1,1,Low
3,1,25,26,0,1,0,Low
9,430,256,686,4,2,3,Medium
1,38,23,61,1,0,0,Low
13,489,211,700,3,0,4,Medium
12,377,68,445,3,1,2,Medium
15,243,306,549,4,0,3,Medium
15,304,260,564,1,1,4,Medium
1,29,16,45,0,1,1,Low
27,1038,1119,2157,4,4,10,High
7,424,154,578,2,1,1,Medium
4,20,27,47,1,1,1,Low
11,254,59,313,2,0,6,Medium
13,131,320,451,1,0,5,Medium
16,1540,795,2335,3,2,8,High
3,11,9,20,1,1,1,Low
2,26,49,75,0,1,0,Low
2,10,12,22,1,0,0,Low
34,1871,404,2275,8,4,19,High
35,1507,688,2195,4,5,11,High
35,1127,1375,2502,10,4,15,High
13,216,316,532,3,0,5,Medium
5,260,224,484,2,1,5,Medium
7,262,348,610,1,0,1,Medium
4,78,0,78,0,0,1,Low
24,745,1032,1777,5,4,10,High
17,1083,924,2007,5,3,13,High
7,148,87,235,4,1,5,Medium
12,463,348,811,2,0,2,Medium
37,1482,632,2114,9,5,5,High
2,37,31,68,0,0,0,Low
35,1822,1056,2878,4,5,9,High
3,48,8,56,0,1,1,Low
15,466,315,781,4,0,3,Medium
1,7,14,21,0,1,1,Low
3,34,5,39,0,0,0,Low
4,7,39,46,0,0,1,Low
3,12,12,24,1,1,1,Low
35,518,1418,1936,3,2,5,High
32,885,548,1433,9,7,14,High
11,476,179,655,4,0,3,Medium
11,482,146,628,1,0,2,Medium
4,51,31,82,1,0,0,Low
2,44,46,90,1,1,0,Low
32,830,988,1818,4,4,15,High
9,349,133,482,3,2,6,Medium
13,341,173,514,1,2,5,Medium
12,133,67,200,1,0,2,Medium
34,706,856,1562,3,5,13,High
8,112,94,206,3,1,2,Medium
29,659,453,1112,4,6,18,High
3,31,10,41,1,0,1,Low
4,34,42,76,0,0,0,Low
9,385,120,505,3,1,6,Medium
13,484,120,604,2,2,5,Medium
2,24,39,63,1,1,1,Low
16,936,1003,1939,9,6,15,High
39,552,448,1000,9,7,6,High
14,172,331,503,4,1,3,Medium
14,396,280,676,1,1,2,Medium
10,343,136,479,1,1,6,Medium
18,1971,773,2744,10,3,17,High
11,115,276,391,4,1,2,Medium
3,28,32,60,1,1,0,Low
2,9,14,23,0,1,0,Low
21,1879,694,2573,6,7,17,High
39,1922,1123,3045,10,5,18,High
17,867,937,1804,7,6,9,High
14,177,124,301,2,1,4,Medium
1,2,0,2,1,1,1,Low
14,277,264,541,3,2,3,Medium
1,55,16,71,0,0,1,Low
2,64,16,80,1,1,1,Low
6,137,250,387,2,2,3,Medium
16,1870,914,2784,7,6,12,High
3,50,35,85,0,0,0,Low
13,448,147,595,2,1,5,Medium
3,9,10,19,0,0,0,Low
5,268,93,361,2,0,5,Medium
4,53,6,59,0,0,1,Low
37,1281,403,1684,6,5,7,High
33,1744,772,2516,9,6,18,High
3,78,36,114,0,1,1,Low
7,335,277,612,1,1,3,Medium
28,1285,710,1995,6,3,20,High
4,1,28,29,1,0,0,Low
38,1499,451,1950,10,2,10,High
27,1664,437,2101,4,7,12,High
17,1756,796,2552,8,3,17,High
20,1334,1108,2442,5,6,17,High
8,437,96,533,3,0,5,Medium
10,215,288,503,3,0,4,Medium
5,224,62,286,4,0,2,Medium
37,1086,1020,2106,9,4,15,High
10,319,143,462,1,2,2,Medium
14,309,141,450,1,2,3,Medium
1,72,21,93,0,1,1,Low
25,1755,1330,3085,6,7,20,High
8,202,73,275,4,0,1,Medium
32,1631,479,2110,7,6,12,High
9,441,198,639,4,1,6,Medium
1,29,15,44,1,0,1,Low
33,1570,1093,2663,6,3,16,High
1,1,21,22,1,0,1,Low
4,9,37,46,0,1,1,Low
24,1523,401,1924,3,2,10,High
34,1441,1218,2659,6,6,16,High
34,698,1074,1772,6,4,19,High
18,1411,817,2228,9,2,19,High
2,3,28,31,0,1,1,Low
4,48,34,82,1,1,1,Low
36,1788,308,2096,3,4,5,High
1,15,3,18,0,1,1,Low
1,46,48,94,0,1,1,Low
2,47,24,71,1,0,0,Low
3,8,34,42,1,0,0,Low
23,1412,939,2351,10,3,17,High
9,439,165,604,2,0,6,Medium
25,1438,358,1796,4,2,9,High
15,286,80,366,4,0,1,Medium
26,1606,1064,2670,4,2,13,High
15,768,998,1766,8,2,18,High
3,56,20,76,1,1,0,Low
2,59,42,101,1,1,1,Low
9,441,281,722,1,1,4,Medium
38,1790,840,2630,9,5,7,High
2,54,39,93,0,0,0,Low
40,1151,448,1599,5,5,7,High
3,73,38,111,0,0,0,Low
5,336,326,662,3,0,3,Medium
1,26,13,39,0,1,1,Low
3,51,46,97,1,0,0,Low
29,1737,704,2441,8,3,19,High
40,1553,627,2180,6,2,20,High
10,478,188,666,1,2,4,Medium
22,1696,432,2128,9,6,16,High
31,897,882,1779,8,4,5,High
1,79,3,82,1,1,1,Low
2,42,47,89,0,0,0,Low
8,352,51,403,2,1,1,Medium
26,1795,445,2240,9,2,18,High
15,241,217,458,3,2,5,Medium
33,964,1362,2326,6,5,16,High
4,28,8,36,0,0,1,Low
15,171,322,493,3,1,5,Medium
1,11,25,36,1,1,0,Low
14,132,278,410,4,1,6,Medium
22,1449,920,2369,6,7,14,High
7,227,154,381,2,1,1,Medium
4,44,6,50,1,0,0,Low
4,63,28,91,1,0,0,Low
40,1551,1107,2658,9,7,15,High
3,74,44,118,1,1,0,Low
27,945,488,1433,7,7,6,High
1,72,12,84,1,1,1,Low
3,1,15,16,0,0,1,Low
10,258,63,321,1,0,1,Medium
28,1453,1321,2774,3,6,20,High
18,1702,656,2358,5,3,13,High
4,32,3,35,0,1,0,Low
18,1701,1340,3041,9,7,20,High
30,1867,1401,3268,4,7,19,High
17,1831,1038,2869,6,7,10,High
4,21,36,57,0,0,0,Low
9,157,247,404,3,1,6,Medium
7,300,77,377,3,0,5,Medium
8,175,126,301,4,1,6,Medium
1,74,2,76,0,1,0,Low
4,59,6,65,1,0,1,Low
2,16,18,34,1,1,1,Low
25,1158,1238,2396,6,4,10,High
15,284,170,454,2,1,2,Medium
6,200,58,258,1,0,2,Medium
4,18,48,66,0,1,0,Low
3,65,37,102,0,1,1,Low
9,162,74,236,4,0,1,Medium
15,1340,942,2282,6,4,14,High
10,112,334,446,3,1,3,Medium
5,378,72,450,2,0,4,Medium
6,400,224,624,3,2,5,Medium
2,22,30,52,1,1,0,Low
34,1315,1055,2370,7,6,9,High
5,372,179,551,4,0,2,Medium
11,227,104,331,3,1,6,Medium
13,164,183,347,3,2,3,Medium
14,129,293,422,2,0,1,Medium
14,194,184,378,4,2,2,Medium
2,46,38,84,1,0,0,Low
3,31,20,51,1,1,1,Low
32,568,690,1258,9,7,9,High
3,68,28,96,1,0,1,Low
37,1028,591,1619,3,5,20,High
10,461,135,596,3,1,5,Medium
6,338,182,520,3,1,6,Medium
38,927,996,1923,8,5,20,High
19,865,1485,2350,5,2,20,High
2,31,38,69,0,1,1,Low
3,53,37,90,1,0,1,Low
32,1065,1051,2116,8,5,5,High
40,1152,707,1859,8,3,7,High
28,1058,569,1627,10,6,19,High
23,605,990,1595,10,3,18,High
7,292,107,399,1,2,1,Medium
1,22,14,36,0,0,0,Low
35,1461,616,2077,8,6,6,High
3,18,46,64,1,1,1,Low
13,284,134,418,3,2,6,Medium
18,539,873,1412,8,7,9,High
40,1540,1027,2567,6,4,19,High
15,493,94,587,4,2,3,Medium
39,1421,961,2382,7,2,9,High
15,1832,1195,3027,5,5,12,High
3,47,8,55,1,1,0,Low
25,1126,389,1515,10,5,5,High
12,382,202,584,2,0,4,Medium
15,896,1195,2091,5,4,20,High
4,39,19,58,0,0,1,Low
26,1614,904,2518,5,4,10,High
6,286,187,473,2,1,4,Medium
11,378,77,455,3,2,1,Medium
19,785,1409,2194,4,7,9,High
24,732,570,1302,6,4,15,High
5,382,247,629,3,0,1,Medium
1,12,36,48,0,1,1,Low
30,585,619,1204,10,4,19,High
1,11,46,57,0,1,1,Low
1,40,48,88,0,0,1,Low
4,74,29,103,0,1,0,Low
2,44,26,70,0,1,0,Low
40,1505,821,2326,3,6,18,High
2,46,40,86,0,1,0,Low
1,10,15,25,1,1,0,Low
12,150,315,465,4,0,6,Medium
1,2,5,7,0,0,1,Low
1,41,16,57,0,1,1,Low
24,1988,678,2666,5,2,17,High
9,265,90,355,1,1,1,Medium
5,425,226,651,3,1,5,Medium
4,52,10,62,0,0,1,Low
2,52,35,87,1,0,1,Low
4,50,1,51,0,0,1,Low
34,1973,938,2911,5,7,18,High
23,1077,348,1425,10,2,8,High
33,1783,1281,3064,9,6,11,High
1,60,8,68,1,0,0,Low
3,48,48,96,1,1,0,Low
25,1261,1410,2671,8,7,13,High
29,1612,486,2098,5,3,17,High
25,1335,754,2089,4,4,13,High
3,18,28,46,1,1,0,Low
1,3,25,28,0,1,0,Low
8,191,187,378,2,2,1,Medium
7,286,193,479,2,0,4,Medium
10,418,234,652,3,2,6,Medium
32,1369,1369,2738,9,4,11,High
28,699,1192,1891,5,5,7,High
9,320,132,452,2,2,2,Medium
27,1522,749,2271,7,4,11,High
17,911,1190,2101,4,2,8,High
17,589,1173,1762,6,6,14,High
15,444,273,717,2,0,5,Medium
9,422,272,694,3,1,2,Medium
19,1268,1412,2680,10,5,8,High
25,1005,580,1585,5,4,10,High
33,1276,1010,2286,8,6,15,High
24,611,752,1363,6,2,12,High
32,526,1313,1839,6,7,12,High
11,111,155,266,4,1,3,Medium
29,767,597,1364,7,3,17,High
12,307,318,625,1,0,6,Medium
7,481,333,814,3,2,6,Medium
14,208,238,446,3,0,3,Medium
3,46,10,56,0,1,1,Low
5,148,180,328,3,0,2,Medium
2,5,43,48,0,1,0,Low
18,752,564,1316,7,7,15,High
15,895,715,1610,8,5,11,High
8,127,165,292,3,0,4,Medium
1,73,16,89,1,1,1,Low
23,1686,737,2423,9,2,18,High
27,546,921,1467,10,4,6,High
5,330,127,457,1,1,5,Medium
15,444,231,675,2,1,3,Medium
14,331,282,613,2,0,5,Medium
14,474,194,668,3,1,6,Medium
34,973,681,1654,9,2,9,High
2,26,33,59,0,0,1,Low
21,1349,726,2075,3,5,10,High
15,326,166,492,3,2,3,Medium
4,19,7,26,0,0,0,Low
10,180,118,298,4,2,1,Medium
33,1801,973,2774,10,2,16,High
15,991,911,1902,6,7,17,High
14,368,107,475,4,0,1,Medium
13,168,179,347,3,1,1,Medium
6,397,195,592,2,1,6,Medium
4,46,34,80,0,1,1,Low
23,1956,1212,3168,3,5,17,High
32,811,608,1419,9,2,9,High
12,498,155,653,3,2,5,Medium
1,20,23,43,0,0,0,Low
24,1223,1074,2297,10,6,17,High
28,631,1054,1685,9,5,6,High
11,112,145,257,2,0,6,Medium
2,15,37,52,1,1,1,Low
12,480,210,690,2,1,4,Medium
26,1688,1272,2960,5,7,18,High
3,17,31,48,0,1,1,Low
20,1102,739,1841,3,6,19,High
15,292,148,440,3,2,4,Medium
23,885,1058,1943,10,7,10,High
13,238,119,357,1,1,6,Medium
23,1642,698,2340,4,4,15,High
8,379,238,617,3,1,2,Medium
1,19,10,29,1,0,1,Low
1,34,22,56,0,1,1,Low
4,24,36,60,0,1,1,Low
31,675,1472,2147,4,7,19,High
37,1146,1464,2610,6,3,15,High
1,38,20,58,0,0,1,Low
34,1490,1097,2587,3,3,7,High
2,32,35,67,0,1,0,Low
7,329,180,509,3,1,3,Medium
4,24,36,60,0,0,0,Low
3,41,12,53,0,0,1,Low
12,155,114,269,4,0,6,Medium
4,0,10,10,1,0,0,Low
16,1379,367,1746,3,5,15,High
2,5,7,12,0,0,1,Low
1,23,2,25,1,1,0,Low
14,232,114,346,2,0,3,Medium
8,319,190,509,3,2,2,Medium
1,74,5,79,1,1,0,Low
22,886,1348,2234,4,6,11,High
1,60,9,69,1,0,0,Low
22,1027,1216,2243,7,3,11,High
9,194,303,497,1,1,1,Medium
12,210,232,442,3,2,2,Medium
4,9,29,38,0,0,0,Low
6,303,78,381,3,1,1,Medium
18,1924,327,2251,6,7,10,High
2,1,26,27,0,0,0,Low
40,730,1267,1997,5,7,19,High
23,1173,1106,2279,3,2,16,High
23,1536,742,2278,8,5,18,High
40,909,1057,1966,5,2,17,High
6,268,71,339,2,0,4,Medium
11,461,141,602,3,2,5,Medium
32,1175,391,1566,10,6,9,High
15,395,220,615,3,0,3,Medium
40,1716,917,2633,7,5,14,High
1,18,47,65,0,0,1,Low
2,6,15,21,1,1,0,Low
3,61,48,109,0,0,0,Low
11,203,138,341,1,0,1,Medium
4,23,11,34,1,0,1,Low
2,53,22,75,0,1,0,Low
34,1781,869,2650,6,6,14,High
18,1354,1083,2437,9,5,9,High
12,193,142,335,4,0,5,Medium
3,79,46,125,0,1,0,Low
7,303,105,408,4,0,6,Medium
39,1118,997,2115,7,7,6,High
5,163,172,335,2,0,2,Medium
4,49,6,55,0,1,0,Low
3,57,11,68,0,0,1,Low
33,1677,739,2416,6,2,19,High
34,1021,433,1454,5,5,18,High
2,16,37,53,0,1,0,Low
32,867,364,1231,6,3,12,High
29,600,1179,1779,8,2,13,High
30,1355,361,1716,6,4,15,High
3,7,17,24,1,0,0,Low
6,462,251,713,4,0,4,Medium
4,37,34,71,1,0,0,Low
2,12,46,58,0,1,1,Low
2,66,15,81,0,1,1,Low
4,58,12,70,1,1,0,Low
6,243,338,581,2,1,6,Medium
28,1443,578,2021,8,5,17,High
26,1261,554,1815,7,3,8,High
9,107,95,202,1,1,3,Medium
1,29,32,61,1,0,1,Low
2,3,38,41,0,1,0,Low
2,7,40,47,1,0,1,Low
8,446,183,629,3,0,5,Medium
24,1088,863,1951,4,2,16,High
3,72,16,88,0,0,0,Low
14,291,220,511,1,0,3,Medium
17,587,955,1542,10,6,11,High
14,359,162,521,2,1,3,Medium
5,234,234,468,3,1,5,Medium
15,227,56,283,2,2,5,Medium
21,1202,769,1971,7,6,11,High
32,918,1445,2363,9,4,15,High
17,1415,624,2039,7,4,16,High
14,347,176,523,3,2,4,Medium
15,137,275,412,1,2,2,Medium
5,283,180,463,3,0,2,Medium
4,14,12,26,0,0,1,Low
3,38,21,59,0,1,0,Low
19,1891,1148,3039,10,6,6,High
1,55,32,87,1,1,0,Low
6,125,54,179,2,1,6,Medium
8,200,105,305,4,2,1,Medium
4,76,42,118,0,0,1,Low
35,1561,871,2432,8,3,8,High
21,1877,334,2211,4,6,10,High
4,21,16,37,0,1,0,Low
4,46,21,67,0,1,0,Low
1,0,0,0,0,1,1,Low
21,524,1105,1629,7,5,16,High
3,50,23,73,0,0,1,Low
18,1684,460,2144,9,3,11,High
5,167,101,268,2,2,5,Medium
22,1289,471,1760,3,4,10,High
9,132,120,252,4,0,5,Medium
2,15,24,39,1,1,0,Low
15,309,255,564,2,1,6,Medium
5,318,279,597,3,2,1,Medium
3,18,43,61,1,0,0,Low
14,178,195,373,3,1,3,Medium
3,34,27,61,0,1,0,Low
7,408,75,483,2,1,6,Medium
1,7,24,31,0,1,0,Low
7,440,238,678,3,2,5,Medium
8,252,175,427,3,1,1,Medium
26,650,1154,1804,8,6,6,High
1,57,36,93,1,0,1,Low
39,1986,1055,3041,7,3,18,High
26,1459,801,2260,3,7,16,High
28,1214,1058,2272,5,2,8,High
4,55,11,66,0,0,0,Low
6,305,128,433,2,2,2,Medium
10,345,73,418,1,1,4,Medium
8,391,168,559,3,0,5,Medium
15,150,166,316,1,1,5,Medium
30,1883,786,2669,8,3,10,High
18,977,424,1401,3,3,20,High
14,288,279,567,3,1,5,Medium
35,730,454,1184,9,4,10,High
3,75,48,123,0,0,0,Low
24,1005,1396,2401,6,4,9,High
1,7,33,40,0,1,1,Low
15,368,290,658,3,0,3,Medium
16,1631,332,1963,9,6,10,High
2,2,0,2,0,1,0,Low
2,10,30,40,1,1,1,Low
12,198,188,386,3,1,6,Medium
7,212,349,561,4,1,5,Medium
10,462,206,668,3,2,2,Medium
21,1641,704,2345,10,6,15,High
7,419,132,551,3,1,2,Medium
23,1806,1177,2983,6,2,19,High
1,58,33,91,0,0,0,Low
7,374,198,572,3,1,3,Medium
38,1415,1008,2423,8,7,12,High
12,421,149,570,2,2,2,Medium
1,59,1,60,1,0,1,Low
13,348,140,488,4,0,2,Medium
1,25,46,71,1,1,1,Low
1,50,44,94,0,1,1,Low
1,44,14,58,1,1,0,Low
1,25,40,65,0,0,1,Low
15,369,87,456,4,0,1,Medium
40,1992,775,2767,6,3,6,High
33,1479,844,2323,4,7,8,High
30,841,603,1444,6,7,10,High
10,116,68,184,3,1,3,Medium
17,1713,311,2024,5,6,18,High
24,1238,485,1723,8,6,20,High
4,77,40,117,0,0,1,Low
3,73,40,113,1,1,0,Low
5,339,335,674,2,2,5,Medium
2,29,17,46,0,0,1,Low
9,291,315,606,4,1,3,Medium
8,309,116,425,2,0,1,Medium
2,51,19,70,1,1,1,Low
12,416,194,610,3,2,2,Medium
11,239,148,387,2,1,3,Medium
2,11,44,55,0,0,0,Low
40,1315,572,1887,10,2,12,High
4,8,37,45,1,0,1,Low
2,53,20,73,1,0,1,Low
14,168,314,482,2,1,4,Medium
23,829,811,1640,4,4,11,High
8,147,134,281,4,1,6,Medium
1,67,9,76,0,0,0,Low
1,26,30,56,1,0,1,Low
12,207,345,552,1,1,6,Medium
1,24,21,45,0,0,0,Low
8,208,325,533,1,2,4,Medium
1,68,47,115,0,1,0,Low
20,655,1011,1666,9,7,14,High
10,346,241,587,1,2,3,Medium
2,5,26,31,0,0,0,Low
22,1265,394,1659,3,2,17,High
14,204,277,481,4,1,6,Medium
22,1780,1479,3259,7,3,13,High
4,37,36,73,1,0,0,Low
30,853,922,1775,3,2,20,High
19,1507,1337,2844,5,4,7,High
30,1055,675,1730,8,7,16,High
36,510,1248,1758,10,2,12,High
38,1464,1045,2509,7,5,9,High
15,452,148,600,2,2,2,Medium
14,156,260,416,4,1,1,Medium
14,401,74,475,1,0,3,Medium
8,254,102,356,3,0,3,Medium
4,59,39,98,0,1,0,Low
29,1466,1103,2569,8,7,7,High
4,20,14,34,0,0,1,Low
8,264,236,500,3,0,3,Medium
2,36,3,39,1,1,0,Low
30,1531,1268,2799,5,5,9,High
29,1024,355,1379,8,2,16,High
6,414,141,555,3,2,1,Medium
3,15,29,44,0,0,1,Low
32,1933,867,2800,8,7,18,High
11,357,227,584,2,2,1,Medium
1,18,24,42,0,1,1,Low
7,254,306,560,3,0,6,Medium
8,479,280,759,1,2,4,Medium
6,190,213,403,3,2,2,Medium
13,476,328,804,3,1,5,Medium
18,992,798,1790,4,6,7,High
8,421,217,638,2,0,5,Medium
12,152,247,399,3,1,1,Medium
23,1260,1248,2508,3,4,11,High
7,423,235,658,2,0,1,Medium
26,1531,507,2038,4,6,15,High
4,33,9,42,1,1,1,Low
1,54,48,102,0,0,1,Low
19,720,1294,2014,5,4,12,High
15,381,146,527,3,0,3,Medium
37,1803,1165,2968,9,7,9,High
1,18,1,19,0,1,1,Low
26,1231,1177,2408,3,5,14,High
40,1160,1129,2289,4,4,17,High
3,8,46,54,0,1,1,Low
7,209,239,448,3,0,3,Medium
3,0,35,35,0,1,0,Low
31,1952,1396,3348,9,2,5,High
1,42,24,66,1,1,1,Low
23,1202,378,1580,7,7,20,High
1,26,32,58,1,1,1,Low
2,66,44,110,0,0,0,Low
29,1576,1283,2859,10,5,20,High
18,871,1436,2307,6,4,9,High
2,49,28,77,0,0,0,Low
1,10,1,11,0,1,1,Low
35,1583,734,2317,7,4,18,High
18,1371,934,2305,10,4,8,High
4,28,32,60,1,1,1,Low
6,183,340,523,3,1,5,Medium
24,1567,1305,2872,3,7,18,High
8,346,313,659,3,2,6,Medium
3,15,0,15,0,0,0,Low
7,385,322,707,3,1,6,Medium
2,31,44,75,0,1,0,Low
2,39,38,77,0,0,0,Low
4,68,30,98,0,1,0,Low
1,39,44,83,1,1,0,Low
17,1720,1134,2854,9,7,6,High
9,150,120,270,4,2,6,Medium
4,60,33,93,1,1,0,Low
17,915,447,1362,4,6,13,High
26,803,431,1234,7,2,16,High
13,376,328,704,1,2,1,Medium
14,107,254,361,3,1,5,Medium
2,52,23,75,1,0,1,Low
16,1876,1234,3110,7,4,15,High
16,1883,739,2622,8,7,14,High
3,66,9,75,1,0,1,Low
2,30,45,75,1,0,1,Low
5,479,73,552,4,2,2,Medium
32,1152,445,1597,5,3,16,High
4,75,37,112,1,1,0,Low
3,16,13,29,0,1,0,Low
8,329,269,598,1,2,3,Medium
24,1163,659,1822,9,6,13,High
7,110,147,257,2,2,4,Medium
1,59,5,64,1,0,0,Low
15,482,189,671,1,1,2,Medium
6,320,260,580,1,1,3,Medium
3,57,11,68,0,1,0,Low
15,130,205,335,4,0,3,Medium
6,210,298,508,3,2,3,Medium
2,37,49,86,1,1,1,Low
1,77,6,83,0,1,1,Low
30,706,752,1458,5,6,6,High
2,32,12,44,1,1,1,Low
7,433,305,738,1,0,5,Medium
11,103,155,258,1,1,1,Medium
35,1067,937,2004,9,4,14,High
4,53,5,58,0,0,1,Low
34,876,1075,1951,10,7,10,High
3,51,28,79,1,1,1,Low
35,1547,839,2386,8,4,5,High
2,61,28,89,1,0,1,Low
3,27,40,67,0,0,1,Low
32,1248,1130,2378,3,4,15,High
2,24,2,26,1,1,0,Low
4,54,12,66,0,0,0,Low
9,214,269,483,4,2,3,Medium
2,53,40,93,0,1,0,Low
1,15,38,53,1,0,0,Low
1,71,35,106,1,1,1,Low
13,465,164,629,3,1,4,Medium
1,20,29,49,0,1,1,Low
14,349,304,653,4,1,3,Medium
2,64,21,85,1,1,0,Low
1,74,15,89,1,1,1,Low
5,456,346,802,2,0,1,Medium
31,768,713,1481,3,6,16,High
28,669,1000,1669,9,5,12,High
7,189,225,414,1,1,6,Medium
5,434,267,701,3,2,5,Medium
2,12,39,51,1,1,0,Low
2,19,26,45,0,1,1,Low
2,33,46,79,1,1,0,Low
21,1016,367,1383,6,4,17,High
2,69,1,70,0,1,1,Low
4,70,21,91,0,0,0,Low
13,453,182,635,3,0,1,Medium
12,391,302,693,2,1,2,Medium
27,1137,1229,2366,5,2,9,High
2,59,36,95,1,1,1,Low
2,75,23,98,1,0,1,Low
10,430,298,728,1,1,6,Medium
1,31,22,53,0,1,0,Low
7,345,185,530,4,2,3,Medium
24,664,514,1178,9,5,13,High
40,1373,880,2253,4,3,9,High
12,127,65,192,3,0,3,Medium
10,310,97,407,2,2,5,Medium
14,141,325,466,1,0,3,Medium
11,256,255,511,2,2,5,Medium
21,1239,462,1701,9,4,17,High
37,675,1022,1697,4,4,15,High
24,1991,1417,3408,4,6,6,High
14,426,178,604,1,0,5,Medium
14,143,318,461,2,1,2,Medium
10,145,327,472,4,2,4,Medium
2,46,22,68,0,0,1,Low
9,378,186,564,2,2,5,Medium
26,701,1181,1882,4,5,19,High
9,433,58,491,3,2,4,Medium
19,1437,1111,2548,3,6,10,High
14,378,300,678,2,0,4,Medium
38,1659,1266,2925,5,2,12,High
3,42,46,88,0,0,1,Low
35,1151,1394,2545,8,7,9,High
14,266,237,503,1,0,3,Medium
4,39,3,42,0,1,1,Low
2,16,20,36,1,0,1,Low
2,12,46,58,0,0,1,Low
27,1057,1204,2261,3,6,19,High
33,1120,1367,2487,5,7,18,High
4,23,23,46,1,1,0,Low
3,39,25,64,0,0,1,Low
15,310,125,435,4,0,5,Medium
3,51,31,82,1,1,0,Low
32,844,377,1221,9,3,12,High
10,130,153,283,2,1,2,Medium
8,239,181,420,3,2,1,Medium
1,61,43,104,1,1,0,Low
1,24,27,51,0,0,1,Low
7,198,96,294,3,2,6,Medium
14,348,286,634,1,1,1,Medium
24,1745,351,2096,6,3,9,High
12,439,269,708,4,2,1,Medium
23,1002,1285,2287,9,5,11,High
11,480,279,759,3,0,1,Medium
24,698,1373,2071,6,7,19,High
1,59,17,76,1,0,0,Low
2,66,39,105,1,1,1,Low
9,314,137,451,4,2,1,Medium
36,898,404,1302,10,2,14,High
14,197,80,277,2,1,2,Medium
32,1585,1098,2683,6,3,16,High
12,314,215,529,3,2,2,Medium
6,229,176,405,4,1,5,Medium
4,71,44,115,1,0,1,Low
3,16,11,27,1,1,1,Low
12,414,334,748,2,0,6,Medium
15,312,188,500,1,0,1,Medium
15,446,223,669,2,1,2,Medium
29,552,1105,1657,10,5,12,High
10,302,70,372,3,2,6,Medium
22,1661,1115,2776,9,4,6,High
4,12,49,61,1,1,1,Low
4,22,44,66,0,0,1,Low
6,345,346,691,4,2,4,Medium
15,276,277,553,3,2,2,Medium
3,66,22,88,1,1,1,Low
30,1542,945,2487,4,4,15,High
15,499,236,735,1,0,3,Medium
26,1366,979,2345,8,3,6,High
14,250,270,520,1,0,5,Medium
15,716,1136,1852,8,5,18,High
23,1943,1370,3313,5,2,6,High
4,64,28,92,0,0,0,Low
14,192,112,304,4,0,1,Medium
36,1969,927,2896,4,6,16,High
3,44,44,88,1,0,1,Low
40,959,360,1319,3,2,19,High
8,387,77,464,1,0,4,Medium
15,338,347,685,4,0,4,Medium
3,1,28,29,1,0,1,Low
2,52,22,74,0,0,1,Low
3,58,20,78,0,1,0,Low
23,634,925,1559,10,4,11,High
27,1206,606,1812,9,6,19,High
1,13,29,42,1,1,1,Low
9,160,141,301,2,2,1,Medium
33,931,435,1366,7,4,5,High
14,134,128,262,3,2,5,Medium
7,374,151,525,3,0,3,Medium
15,1964,443,2407,4,5,10,High
13,240,114,354,4,0,6,Medium
39,1491,728,2219,5,3,13,High
26,1726,767,2493,3,2,14,High
4,55,42,97,1,1,1,Low
1,32,11,43,1,1,0,Low
8,111,286,397,2,1,5,Medium
3,26,1,27,0,1,0,Low
7,230,286,516,2,1,6,Medium
30,1082,1478,2560,8,7,16,High
10,114,315,429,1,2,4,Medium
2,64,30,94,1,0,0,Low
3,46,35,81,0,1,1,Low
10,417,72,489,2,2,6,Medium
8,228,140,368,4,2,5,Medium
10,295,141,436,4,0,4,Medium
4,46,26,72,0,1,0,Low
2,27,27,54,0,0,1,Low
37,662,1496,2158,8,4,16,High
2,65,8,73,0,1,0,Low
6,170,131,301,4,0,2,Medium
11,484,330,814,3,1,4,Medium
10,299,296,595,4,1,1,Medium
15,309,245,554,1,1,5,Medium
12,371,295,666,4,0,4,Medium
4,41,43,84,1,1,1,Low
26,1801,828,2629,9,4,8,High
3,14,48,62,1,0,1,Low
6,153,321,474,1,2,2,Medium
2,32,29,61,0,1,0,Low
4,3,38,41,1,0,0,Low
4,43,28,71,0,0,1,Low
30,1666,662,2328,8,2,9,High
28,1242,968,2210,6,7,11,High
11,251,327,578,3,2,3,Medium
13,357,253,610,2,1,3,Medium
15,102,125,227,3,1,1,Medium
8,473,312,785,3,2,5,Medium
21,1783,496,2279,7,4,19,High
1,45,13,58,1,1,0,Low
3,48,41,89,1,1,0,Low
15,156,332,488,3,0,5,Medium
2,66,43,109,0,1,0,Low
21,611,1064,1675,9,3,8,High
32,657,909,1566,4,4,15,High
12,293,172,465,4,0,3,Medium
1,36,31,67,0,0,0,Low
10,451,97,548,3,2,2,Medium
4,19,36,55,0,1,0,Low
30,1967,1344,3311,3,2,7,High
35,1653,492,2145,9,2,5,High
34,1580,1218,2798,8,5,6,High
11,492,103,595,4,1,2,Medium
29,748,1074,1822,6,6,19,High
13,194,327,521,2,0,5,Medium
20,1979,1278,3257,8,2,14,High
27,1832,665,2497,3,4,11,High
33,957,1129,2086,3,2,20,High
3,13,31,44,0,0,1,Low
7,237,236,473,2,1,4,Medium
32,1392,1252,2644,9,7,13,High
20,646,1022,1668,7,3,16,High
2,77,34,111,1,0,1,Low
1,46,3,49,1,0,1,Low
14,463,161,624,1,2,6,Medium
9,474,125,599,2,0,3,Medium
4,29,37,66,1,1,1,Low
12,111,340,451,1,0,2,Medium
2,71,38,109,1,0,0,Low
6,186,105,291,1,0,2,Medium
28,1653,1188,2841,5,6,9,High
23,558,600,1158,3,7,9,High
3,1,23,24,1,0,1,Low
30,1058,521,1579,7,7,16,High
2,0,20,20,1,0,1,Low
8,115,254,369,1,1,1,Medium
32,720,572,1292,4,2,11,High
19,992,932,1924,3,4,17,High
26,1160,1047,2207,4,2,14,High
11,393,168,561,4,1,5,Medium
1,60,11,71,1,1,0,Low
2,65,45,110,0,0,0,Low
9,121,340,461,1,1,2,Medium
12,302,198,500,2,2,5,Medium
39,1400,520,1920,10,5,9,High
15,429,218,647,1,1,2,Medium
11,387,135,522,2,2,1,Medium
2,75,7,82,1,1,1,Low
24,1731,1301,3032,7,3,17,High
22,1642,1232,2874,5,5,18,High
3,66,7,73,0,1,1,Low
26,508,860,1368,7,4,12,High
35,1759,1181,2940,7,7,7,High
30,1078,520,1598,5,5,20,High
4,19,40,59,1,1,1,Low
34,1855,1038,2893,3,5,13,High
15,338,149,487,3,1,4,Medium
1,57,21,78,1,1,1,Low
18,1274,777,2051,8,4,11,High
2,61,46,107,0,0,0,Low
33,1063,845,1908,10,6,13,High
10,103,272,375,2,1,6,Medium
16,567,643,1210,7,2,11,High
15,160,75,235,3,0,3,Medium
22,692,588,1280,6,2,20,High
2,59,6,65,0,0,0,Low
10,345,276,621,2,0,4,Medium
16,1210,938,2148,7,4,13,High
27,1456,1218,2674,5,7,14,High
35,1518,931,2449,5,3,12,High
30,1528,1441,2969,3,7,7,High
7,491,55,546,4,2,6,Medium
9,218,116,334,2,2,5,Medium
4,51,28,79,1,1,0,Low
15,297,105,402,3,2,5,Medium
12,153,267,420,4,2,4,Medium
32,940,1186,2126,7,5,10,High
1,38,27,65,0,1,1,Low
4,61,31,92,1,0,0,Low
27,1159,476,1635,4,4,11,High
4,74,19,93,1,0,1,Low
5,459,237,696,3,1,3,Medium
27,1094,806,1900,4,7,9,High
34,1699,985,2684,3,3,19,High
4,16,15,31,1,1,1,Low
31,1575,378,1953,3,3,20,High
4,63,25,88,1,0,1,Low
18,632,385,1017,6,5,8,High
4,65,31,96,1,1,1,Low
1,47,7,54,1,0,0,Low
10,267,205,472,1,0,1,Medium
10,129,133,262,2,0,5,Medium
15,188,121,309,3,0,4,Medium
2,16,42,58,0,0,0,Low
2,62,48,110,0,1,0,Low
11,366,203,569,2,2,3,Medium
11,341,139,480,4,1,6,Medium
32,755,1127,1882,8,5,14,High
7,492,240,732,4,2,5,Medium
1,38,17,55,1,0,1,Low
1,63,32,95,1,1,0,Low
4,67,11,78,0,1,0,Low
3,16,34,50,1,1,1,Low
1,62,21,83,1,0,0,Low
2,40,3,43,0,1,1,Low
4,1,13,14,0,0,1,Low
39,1148,600,1748,10,3,20,High
32,1441,827,2268,8,2,19,High
3,30,41,71,1,1,0,Low
2,19,49,68,1,0,0,Low
1,77,46,123,1,1,1,Low
29,1882,1259,3141,5,7,9,High
9,139,324,463,3,1,5,Medium
6,189,230,419,3,2,5,Medium
5,257,280,537,3,2,1,Medium
10,341,179,520,2,1,2,Medium
22,639,852,1491,8,3,6,High
36,1787,1096,2883,9,2,18,High
4,59,26,85,1,1,0,Low
10,452,160,612,2,2,5,Medium
2,34,17,51,1,1,1,Low
35,813,890,1703,6,2,19,High
3,77,19,96,1,0,0,Low
38,631,572,1203,9,5,10,High
3,31,8,39,1,0,1,Low
1,34,33,67,0,0,0,Low
2,9,4,13,0,1,0,Low
4,4,0,4,1,0,0,Low
31,955,431,1386,4,6,5,High
12,467,221,688,1,1,2,Medium
2,40,37,77,1,0,0,Low
4,21,43,64,1,1,0,Low
15,405,123,528,3,1,1,Medium
10,310,298,608,3,1,4,Medium
1,41,24,65,1,1,1,Low
1,25,17,42,1,1,1,Low
5,244,272,516,3,0,4,Medium
12,423,327,750,4,1,1,Medium
6,227,341,568,4,1,2,Medium
12,399,267,666,2,0,6,Medium
8,138,109,247,2,0,3,Medium
3,18,19,37,1,0,1,Low
3,74,3,77,1,0,1,Low
36,671,1400,2071,3,5,7,High
40,1789,474,2263,6,3,7,High
8,495,203,698,2,1,4,Medium
3,35,35,70,1,0,0,Low
4,41,40,81,0,1,1,Low
12,467,74,541,2,1,2,Medium
3,0,44,44,0,1,0,Low
19,1685,500,2185,8,3,18,High
1,18,47,65,1,0,1,Low
13,377,162,539,1,0,2,Medium
32,1396,1378,2774,4,2,19,High
13,370,237,607,1,2,6,Medium
1,72,28,100,0,0,0,Low
13,245,205,450,4,0,3,Medium
3,31,27,58,1,0,0,Low
4,28,31,59,1,0,0,Low
14,397,345,742,1,0,1,Medium
36,991,1344,2335,4,3,11,High
15,178,121,299,3,2,6,Medium
13,288,51,339,2,2,6,Medium
4,1,23,24,1,1,1,Low
19,1275,301,1576,3,2,15,High
1,18,8,26,0,1,1,Low
20,1796,1052,2848,8,6,17,High
3,40,5,45,0,0,0,Low
16,1826,688,2514,5,6,20,High
1,6,35,41,0,0,0,Low
2,1,22,23,0,0,0,Low
1,47,48,95,0,1,0,Low
31,841,361,1202,10,2,17,High
12,335,263,598,1,1,5,Medium
13,144,313,457,3,2,2,Medium
29,600,1339,1939,7,3,20,High
8,448,304,752,1,1,4,Medium
5,160,319,479,4,1,2,Medium
14,343,135,478,3,2,2,Medium
26,1942,985,2927,10,2,17,High
23,1519,702,2221,10,7,13,High
23,983,545,1528,4,4,19,High
15,425,140,565,2,1,6,Medium
11,409,199,608,4,2,4,Medium
2,24,3,27,0,0,0,Low
17,1202,380,1582,9,3,5,High
3,60,49,109,0,1,1,Low
7,457,155,612,3,2,5,Medium
4,58,2,60,1,1,0,Low
1,45,5,50,0,1,0,Low
6,330,315,645,2,0,5,Medium
33,1098,1291,2389,7,2,6,High
5,448,152,600,4,1,1,Medium
2,49,47,96,1,0,1,Low
26,1695,516,2211,7,3,20,High
26,1532,495,2027,9,6,10,High
4,42,30,72,0,1,0,Low
19,508,535,1043,8,5,17,High
2,64,19,83,0,1,1,Low
21,880,1169,2049,3,5,19,High
4,11,38,49,1,0,0,Low
11,345,179,524,2,2,3,Medium
13,387,99,486,2,0,4,Medium
11,337,83,420,1,1,2,Medium
5,206,281,487,2,1,3,Medium
5,136,94,230,2,1,6,Medium
4,12,47,59,1,1,0,Low
5,390,235,625,3,2,4,Medium
27,1040,1342,2382,9,6,14,High
14,283,228,511,2,2,6,Medium
30,611,1177,1788,8,3,19,High
1,18,11,29,0,0,1,Low
11,447,183,630,4,2,1,Medium
18,824,878,1702,3,4,6,High
27,617,1328,1945,6,4,9,High
1,19,47,66,0,0,1,Low
5,344,121,465,4,1,5,Medium
15,417,270,687,4,1,4,Medium
3,71,45,116,0,0,0,Low
5,163,309,472,1,2,4,Medium
6,256,300,556,2,0,2,Medium
10,296,107,403,1,2,1,Medium
5,488,267,755,1,2,1,Medium
38,1576,1391,2967,8,3,16,High
13,327,196,523,2,0,5,Medium
39,682,371,1053,5,6,17,High
14,227,288,515,2,2,4,Medium
39,796,661,1457,7,7,19,High
3,26,10,36,1,0,0,Low
14,249,95,344,1,2,5,Medium
21,1019,1197,2216,3,5,17,High
10,348,295,643,4,2,5,Medium
6,171,303,474,2,2,4,Medium
9,439,101,540,3,1,1,Medium
3,47,22,69,1,1,1,Low
15,1296,624,1920,8,2,20,High
39,594,592,1186,3,2,10,High
1,32,39,71,1,0,1,Low
8,437,246,683,3,1,4,Medium
20,1368,1228,2596,10,2,10,High
4,50,29,79,1,1,1,Low
10,457,212,669,2,1,6,Medium
16,1352,1051,2403,4,5,20,High
40,953,490,1443,5,4,19,High
6,176,307,483,3,0,2,Medium
1,22,15,37,0,0,1,Low
38,1559,856,2415,4,5,14,High
7,166,57,223,3,1,4,Medium
4,68,40,108,1,1,1,Low
4,54,14,68,1,0,1,Low
2,73,42,115,1,0,1,Low
2,25,5,30,1,1,0,Low
7,445,343,788,3,0,1,Medium
15,457,223,680,1,2,1,Medium
6,210,307,517,1,0,4,Medium
1,32,39,71,1,0,1,Low
33,1570,1388,2958,5,4,6,High
8,290,217,507,1,0,1,Medium
1,44,25,69,0,1,1,Low
21,739,326,1065,10,6,5,High
4,31,2,33,0,1,1,Low
13,325,248,573,3,0,5,Medium
15,368,278,646,1,0,5,Medium
28,1048,1284,2332,5,5,16,High
4,69,40,109,0,1,0,Low
17,1118,1451,2569,5,4,14,High
1,30,46,76,0,0,1,Low
6,188,247,435,2,2,3,Medium
1,7,12,19,1,0,0,Low
15,1776,740,2516,4,4,7,High
2,14,26,40,0,0,1,Low
2,31,22,53,0,1,0,Low
2,64,42,106,0,0,0,Low
40,1337,1474,2811,6,2,18,High
4,64,21,85,1,0,0,Low
1,4,28,32,1,1,1,Low
15,1896,1404,3300,3,4,13,High
4,6,42,48,1,1,1,Low
6,465,275,740,1,2,2,Medium
1,65,13,78,0,1,1,Low
16,973,1465,2438,5,7,6,High
33,1322,665,1987,6,4,18,High
13,386,318,704,2,2,3,Medium
38,1223,501,1724,7,6,13,High
9,181,257,438,1,2,4,Medium
6,383,192,575,3,2,1,Medium
40,589,1123,1712,10,3,11,High
21,1065,823,1888,10,7,9,High
14,248,115,363,2,0,5,Medium
6,480,247,727,1,0,3,Medium
7,430,302,732,1,2,5,Medium
3,5,32,37,0,1,0,Low
10,267,75,342,4,0,4,Medium
20,1312,1456,2768,10,3,19,High
6,137,168,305,1,2,4,Medium
20,1080,920,2000,6,3,17,High
2,54,26,80,1,0,0,Low
11,182,106,288,4,0,3,Medium
4,56,44,100,1,0,0,Low
9,244,281,525,4,1,4,Medium
3,28,10,38,0,1,0,Low
1,35,9,44,0,0,1,Low
29,894,410,1304,4,4,12,High
6,368,275,643,3,1,2,Medium
1,74,28,102,1,1,0,Low
18,1528,596,2124,6,6,9,High
20,1693,863,2556,10,6,12,High
13,151,177,328,4,0,1,Medium
30,1260,446,1706,3,4,11,High
15,327,322,649,4,0,6,Medium
5,124,315,439,2,1,5,Medium
11,422,52,474,2,0,6,Medium
2,51,18,69,1,0,1,Low
38,1485,435,1920,9,6,16,High
12,422,288,710,3,2,1,Medium
5,396,263,659,4,1,3,Medium
22,712,1248,1960,3,6,5,High
13,199,238,437,1,1,2,Medium
4,16,42,58,0,0,1,Low
39,1547,1247,2794,10,7,9,High
38,648,882,1530,3,6,17,High
12,109,282,391,3,2,4,Medium
12,197,164,361,4,0,3,Medium
5,334,239,573,1,2,2,Medium
15,162,170,332,3,1,1,Medium
3,40,27,67,0,0,1,Low
11,455,163,618,4,2,5,Medium
7,496,124,620,2,1,1,Medium
24,1347,344,1691,7,7,12,High
1,59,6,65,0,1,0,Low
6,184,149,333,4,1,4,Medium
12,390,229,619,3,1,3,Medium
1,57,49,106,1,1,0,Low
4,36,20,56,1,0,0,Low
5,301,275,576,4,2,5,Medium
6,382,123,505,3,2,1,Medium
30,914,1006,1920,9,3,15,High
11,189,275,464,2,0,6,Medium
6,183,320,503,4,1,2,Medium
8,246,304,550,4,0,3,Medium
3,13,8,21,1,1,0,Low
2,68,32,100,1,1,1,Low
1,15,33,48,1,0,1,Low
11,146,88,234,1,1,2,Medium
2,48,38,86,0,0,0,Low
1,49,5,54,0,1,1,Low
35,1030,864,1894,7,2,18,High
2,30,22,52,1,1,1,Low
26,675,919,1594,5,3,11,High
13,453,238,691,4,1,4,Medium
8,499,238,737,2,1,1,Medium
11,449,171,620,1,1,4,Medium
3,66,18,84,0,1,1,Low
8,117,343,460,3,2,5,Medium
2,10,40,50,1,0,0,Low
12,183,92,275,2,2,6,Medium
13,413,143,556,3,2,1,Medium
2,52,14,66,0,1,1,Low
14,304,244,548,2,0,3,Medium
33,1816,1286,3102,8,4,9,High
14,307,341,648,4,1,5,Medium
5,227,165,392,3,1,6,Medium
10,201,241,442,3,1,1,Medium
13,486,314,800,2,2,4,Medium
9,474,272,746,3,2,4,Medium
4,75,11,86,1,0,0,Low
11,170,105,275,3,0,3,Medium
39,1571,1333,2904,3,5,17,High
15,473,153,626,1,2,3,Medium
29,1399,906,2305,9,2,9,High
5,155,302,457,2,1,2,Medium
11,492,158,650,1,0,6,Medium
18,526,392,918,3,6,8,High
30,860,1015,1875,5,7,20,High
5,308,330,638,3,0,5,Medium
4,9,20,29,1,1,0,Low
12,103,204,307,4,1,6,Medium
3,8,34,42,0,0,1,Low
14,389,300,689,4,1,6,Medium
28,1847,895,2742,4,5,5,High
26,1844,985,2829,4,4,15,High
13,454,165,619,4,0,6,Medium
15,1146,300,1446,3,2,17,High
2,74,32,106,1,1,0,Low
1,27,0,27,0,0,1,Low
13,417,259,676,4,0,6,Medium
1,12,21,33,0,1,1,Low
4,62,10,72,0,0,1,Low
4,40,35,75,0,0,1,Low
3,54,27,81,0,0,0,Low
7,495,97,592,1,0,3,Medium
34,1595,1109,2704,7,2,13,High
7,101,292,393,1,2,3,Medium
3,70,41,111,0,1,0,Low
38,569,515,1084,10,7,10,High
13,403,222,625,2,0,4,Medium
13,352,68,420,4,2,3,Medium
2,65,34,99,1,1,1,Low
34,554,723,1277,5,6,11,High
39,578,468,1046,4,5,8,High
2,20,5,25,1,0,1,Low
2,51,30,81,1,1,0,Low
3,11,9,20,1,1,1,Low
1,7,29,36,1,1,0,Low
25,965,339,1304,9,2,19,High
12,133,94,227,2,0,2,Medium
3,29,42,71,1,1,1,Low
22,527,768,1295,10,5,10,High
14,374,322,696,4,0,4,Medium
39,743,1201,1944,8,3,15,High
13,421,61,482,4,0,4,Medium
1,28,10,38,1,1,1,Low
4,33,47,80,1,1,1,Low
15,448,245,693,2,0,3,Medium
17,1421,1042,2463,3,4,16,High
21,1221,340,1561,6,5,8,High
14,449,337,786,2,1,3,Medium
22,1975,1046,3021,3,2,11,High
13,246,328,574,1,1,6,Medium
13,462,149,611,2,1,6,Medium
16,1998,906,2904,10,5,11,High
26,1717,1472,3189,9,4,5,High
20,1132,1091,2223,9,5,9,High
15,471,153,624,4,2,6,Medium
12,319,117,436,2,0,2,Medium
1,20,38,58,1,0,0,Low
28,1658,1176,2834,8,4,7,High
15,124,236,360,4,1,6,Medium
15,429,300,729,3,1,5,Medium
30,616,1173,1789,5,2,16,High
2,23,18,41,0,0,0,Low
29,1390,377,1767,4,2,6,High
15,324,107,431,1,2,4,Medium
1,5,6,11,1,1,0,Low
3,6,27,33,0,0,1,Low
40,1687,671,2358,7,2,12,High
13,288,340,628,4,0,3,Medium
14,497,142,639,4,1,3,Medium
5,393,256,649,2,1,3,Medium
9,373,99,472,2,1,2,Medium
7,324,201,525,3,1,1,Medium
24,1460,719,2179,3,5,13,High
11,323,269,592,3,2,1,Medium
2,12,48,60,0,1,0,Low
11,308,179,487,1,0,2,Medium
6,196,218,414,1,2,3,Medium
1,79,5,84,1,0,1,Low
11,295,78,373,2,0,5,Medium
7,351,168,519,2,1,2,Medium
4,32,16,48,1,0,0,Low
35,558,1321,1879,7,7,8,High
26,993,1269,2262,9,4,17,High
4,48,26,74,0,0,1,Low
7,147,240,387,2,0,3,Medium
3,17,37,54,0,0,0,Low
9,289,176,465,1,2,6,Medium
1,36,37,73,1,1,1,Low
22,744,1492,2236,6,6,6,High
6,242,169,411,2,0,5,Medium
1,29,20,49,1,1,1,Low
32,724,516,1240,10,6,15,High
18,1940,1482,3422,7,4,15,High
5,395,226,621,1,0,4,Medium
16,1015,606,1621,6,5,14,High
9,493,226,719,3,1,2,Medium
9,304,167,471,1,2,1,Medium
19,1648,1069,2717,4,2,14,High
2,0,43,43,1,0,1,Low
3,25,33,58,1,1,0,Low
29,869,504,1373,7,2,12,High
18,1957,670,2627,10,4,18,High
39,1227,1351,2578,6,5,20,High
7,337,233,570,3,0,2,Medium
35,1550,1267,2817,10,2,5,High
1,23,22,45,1,1,0,Low
5,196,123,319,3,2,2,Medium
27,561,1480,2041,8,6,9,High
7,431,143,574,1,1,6,Medium
18,780,983,1763,6,7,11,High
10,103,341,444,1,2,4,Medium
8,466,280,746,3,2,6,Medium
39,1346,786,2132,4,6,11,High
8,129,94,223,3,2,2,Medium
6,109,174,283,1,0,4,Medium
7,101,150,251,1,1,5,Medium
4,66,28,94,0,0,1,Low
1,56,28,84,1,1,0,Low
1,59,27,86,0,1,0,Low
1,31,45,76,1,0,1,Low
12,332,242,574,3,2,6,Medium
13,111,293,404,2,2,5,Medium
10,119,82,201,4,0,6,Medium
4,43,8,51,0,1,1,Low
2,64,26,90,1,1,0,Low
5,376,229,605,2,0,3,Medium
1,56,16,72,1,0,0,Low
8,456,230,686,4,0,2,Medium
3,55,48,103,1,0,1,Low
1,18,25,43,1,0,1,Low
34,1319,1018,2337,4,3,17,High
11,412,313,725,3,2,5,Medium
6,494,283,777,3,0,2,Medium
13,314,327,641,4,2,2,Medium
1,7,4,11,1,1,0,Low
2,0,4,4,0,1,1,Low
9,487,149,636,1,0,1,Medium
1,71,18,89,0,1,0,Low
1,40,16,56,1,0,0,Low
3,2,20,22,1,1,1,Low
2,45,37,82,1,1,0,Low
40,1359,855,2214,6,3,9,High
24,1610,878,2488,8,4,6,High
18,1778,813,2591,8,4,6,High
15,197,265,462,1,1,1,Medium
2,3,37,40,0,1,1,Low
7,392,175,567,1,2,3,Medium
4,2,16,18,0,0,1,Low
6,297,106,403,1,2,1,Medium
1,78,29,107,0,1,0,Low
10,277,52,329,2,1,2,Medium
5,442,197,639,1,1,5,Medium
4,49,18,67,0,0,1,Low
1,4,29,33,1,1,1,Low
8,123,74,197,3,2,2,Medium
4,41,19,60,1,1,1,Low
27,1051,802,1853,8,4,9,High
37,1137,790,1927,6,6,8,High
6,313,138,451,3,0,5,Medium
2,4,32,36,1,0,1,Low
31,1279,1451,2730,8,4,15,High
3,3,29,32,1,1,1,Low
21,873,338,1211,6,4,7,High
17,1778,1258,3036,7,2,10,High
3,43,23,66,0,0,1,Low
37,906,1101,2007,3,2,9,High
6,212,93,305,4,1,1,Medium
22,675,748,1423,10,3,11,High
14,153,344,497,2,0,3,Medium
22,983,1113,2096,5,5,18,High
13,389,116,505,2,1,6,Medium
4,46,17,63,0,0,1,Low
12,173,323,496,2,0,5,Medium
4,3,1,4,1,1,1,Low
4,6,2,8,0,0,1,Low
12,479,61,540,1,1,3,Medium
19,604,695,1299,8,7,16,High
1,18,45,63,1,0,1,Low
4,29,34,63,0,0,0,Low
11,244,114,358,3,2,2,Medium
37,1742,774,2516,9,5,16,High
36,1488,749,2237,10,7,20,High
14,465,74,539,1,0,2,Medium
40,1499,1073,2572,10,5,8,High
3,70,25,95,1,0,0,Low
5,393,295,688,1,1,4,Medium
1,66,25,91,0,1,1,Low
30,1872,783,2655,8,6,20,High
5,146,230,376,2,2,2,Medium
8,105,161,266,4,2,3,Medium
17,1464,439,1903,3,5,17,High
23,1582,1208,2790,9,7,5,High
3,28,46,74,1,0,1,Low
3,4,19,23,1,1,1,Low
40,1237,826,2063,6,3,8,High
2,52,19,71,0,1,0,Low
1,14,0,14,1,1,0,Low
14,463,144,607,2,2,4,Medium
35,976,681,1657,5,2,8,High
3,14,42,56,0,1,0,Low
18,1257,1400,2657,10,5,18,High
21,1736,480,2216,8,6,19,High
15,307,159,466,4,0,1,Medium
34,1996,681,2677,10,2,18,High
35,1561,1032,2593,6,4,15,High
4,29,11,40,0,0,1,Low
9,245,265,510,2,1,2,Medium
12,264,98,362,4,0,6,Medium
9,150,198,348,4,1,4,Medium
3,34,2,36,1,0,1,Low
5,318,200,518,3,1,5,Medium
2,18,22,40,0,1,0,Low
27,906,993,1899,6,7,19,High
22,1609,1460,3069,4,3,20,High
3,79,7,86,1,0,0,Low
15,1997,1038,3035,3,3,15,High
3,38,45,83,1,0,1,Low
4,22,44,66,1,1,1,Low
15,559,1430,1989,6,2,7,High
27,1168,1358,2526,5,2,7,High
15,402,161,563,4,1,1,Medium
4,26,8,34,1,0,0,Low
1,12,17,29,0,1,0,Low
21,739,856,1595,8,2,16,High
14,432,88,520,4,1,3,Medium
12,121,221,342,3,1,2,Medium
34,1283,1400,2683,4,6,13,High
1,7,45,52,1,1,0,Low
5,291,209,500,4,2,2,Medium
12,336,246,582,1,2,2,Medium
1,44,31,75,1,0,1,Low
11,319,155,474,3,1,3,Medium
3,45,27,72,1,0,0,Low
8,346,237,583,2,2,2,Medium
11,436,223,659,4,2,2,Medium
36,1160,1015,2175,5,3,6,High
40,1567,1401,2968,4,3,13,High
36,1304,1098,2402,6,4,18,High
14,276,226,502,1,2,6,Medium
4,34,47,81,1,0,1,Low
19,1377,377,1754,4,2,10,High
3,50,33,83,1,0,1,Low
22,1826,552,2378,8,7,5,High
24,802,906,1708,9,6,18,High
12,217,69,286,2,1,3,Medium
26,785,983,1768,6,4,13,High
3,67,44,111,1,1,1,Low
14,301,60,361,3,1,5,Medium
1,8,27,35,0,1,1,Low
4,61,44,105,0,1,0,Low
24,1891,1157,3048,10,5,5,High
1,60,42,102,1,1,0,Low
2,28,32,60,1,0,0,Low
1,52,41,93,1,0,0,Low
32,1127,891,2018,9,6,11,High
4,53,22,75,0,0,0,Low
4,1,40,41,0,1,1,Low
30,1797,896,2693,5,2,8,High
19,1600,1068,2668,9,4,7,High
10,369,266,635,3,1,6,Medium
18,1749,1493,3242,8,6,20,High
4,74,8,82,1,1,0,Low
1,52,8,60,1,1,0,Low
11,322,138,460,3,1,4,Medium
2,33,32,65,0,0,1,Low
23,636,489,1125,10,7,19,High
31,861,1100,1961,3,7,19,High
2,32,48,80,0,0,0,Low
3,26,9,35,0,0,1,Low
11,403,88,491,1,1,6,Medium
1,43,46,89,0,1,1,Low
4,61,34,95,0,1,0,Low
7,120,101,221,2,2,4,Medium
33,1701,950,2651,10,3,11,High
10,481,101,582,3,0,6,Medium
10,135,222,357,4,1,6,Medium
6,119,288,407,2,1,1,Medium
9,477,286,763,1,2,5,Medium
12,125,76,201,2,2,2,Medium
3,61,43,104,0,1,1,Low
5,350,166,516,4,0,6,Medium
3,35,17,52,0,0,0,Low
2,25,27,52,1,0,0,Low
15,114,341,455,1,2,5,Medium
1,5,32,37,0,0,1,Low
6,164,137,301,4,0,6,Medium
10,206,99,305,1,2,4,Medium
6,136,331,467,1,2,4,Medium
2,39,1,40,0,0,1,Low
1,5,28,33,1,0,1,Low
3,60,28,88,1,0,0,Low
2,24,28,52,1,1,1,Low
18,1187,629,1816,5,2,13,High
19,1712,1171,2883,9,5,6,High
4,71,10,81,0,0,1,Low
1,43,27,70,0,0,1,Low
27,1683,507,2190,3,6,19,High
8,152,217,369,1,0,1,Medium
1,42,5,47,0,1,0,Low
12,192,105,297,4,1,4,Medium
11,378,300,678,1,0,5,Medium
29,1119,1092,2211,4,7,10,High
3,21,29,50,0,1,0,Low
30,809,1248,2057,6,5,6,High
2,59,43,102,1,0,0,Low
11,208,156,364,1,0,2,Medium
20,624,656,1280,9,3,6,High
28,809,898,1707,5,7,15,High
2,58,46,104,1,0,1,Low
5,372,113,485,2,1,5,Medium
4,41,7,48,1,1,0,Low
9,110,192,302,4,2,2,Medium
9,458,126,584,2,2,6,Medium
3,2,31,33,1,1,0,Low
1,36,19,55,1,0,0,Low
20,1261,868,2129,8,5,20,High
20,744,320,1064,8,7,14,High
1,51,14,65,0,1,0,Low
6,479,201,680,1,2,3,Medium
12,379,339,718,4,2,3,Medium
15,339,185,524,3,1,5,Medium
12,295,93,388,3,1,6,Medium
6,458,64,522,1,2,2,Medium
34,522,1428,1950,5,4,6,High
3,13,15,28,1,0,1,Low
4,35,33,68,1,1,1,Low
1,13,9,22,0,0,0,Low
11,495,64,559,3,2,5,Medium
8,372,117,489,4,0,5,Medium
3,2,15,17,0,0,0,Low
12,125,222,347,4,1,2,Medium
20,817,664,1481,9,6,9,High
29,1638,759,2397,10,2,8,High
3,36,32,68,1,0,0,Low
37,608,1293,1901,8,6,10,High
1,18,21,39,0,0,1,Low
9,206,324,530,1,2,2,Medium
25,1849,447,2296,5,5,19,High
6,323,321,644,2,0,6,Medium
4,1,49,50,1,0,1,Low
23,990,802,1792,4,3,17,High
35,1615,908,2523,8,2,19,High
14,131,336,467,2,2,1,Medium
3,44,3,47,1,1,1,Low
2,54,46,100,1,1,1,Low
4,35,33,68,0,1,1,Low
3,48,19,67,1,1,1,Low
21,1927,636,2563,6,2,18,High
2,6,13,19,0,0,0,Low
3,13,38,51,0,0,0,Low
23,1695,321,2016,9,2,9,High
39,1237,495,1732,10,7,18,High
1,28,49,77,1,0,0,Low
27,576,1319,1895,3,5,17,High
37,1591,895,2486,5,3,15,High
3,59,36,95,0,1,0,Low
8,286,95,381,3,2,4,Medium
4,23,16,39,1,1,1,Low
2,0,37,37,1,0,1,Low
7,278,261,539,1,1,1,Medium
1,33,9,42,0,1,1,Low
8,376,227,603,2,1,2,Medium
33,1099,802,1901,9,5,19,High
8,303,316,619,4,1,2,Medium
7,290,100,390,2,1,6,Medium
17,1363,467,1830,8,7,18,High
20,1333,616,1949,8,2,6,High
8,124,170,294,4,1,6,Medium
13,407,118,525,3,0,4,Medium
1,70,48,118,0,1,1,Low
19,1398,592,1990,7,4,19,High
1,64,4,68,0,1,1,Low
5,397,253,650,4,1,6,Medium
22,747,1424,2171,8,3,6,High
40,1877,1398,3275,4,2,14,High
13,279,249,528,3,2,5,Medium
2,14,40,54,0,1,0,Low
40,1831,1331,3162,10,4,20,High
10,268,332,600,3,0,1,Medium
20,1966,1227,3193,7,5,15,High
3,49,2,51,0,1,1,Low
1,78,16,94,1,0,1,Low
33,765,945,1710,8,2,9,High
3,43,48,91,0,0,1,Low
11,153,303,456,1,2,4,Medium
4,58,19,77,1,0,0,Low
27,2000,651,2651,3,6,6,High
33,1650,698,2348,5,6,9,High
4,76,37,113,1,1,1,Low
3,33,26,59,0,1,0,Low
3,69,23,92,1,1,0,Low
6,187,217,404,3,1,2,Medium
13,303,243,546,3,1,6,Medium
4,45,18,63,1,1,1,Low
3,25,34,59,1,0,1,Low
35,1756,962,2718,6,6,9,High
14,453,245,698,3,2,2,Medium
38,1557,948,2505,8,4,17,High
3,74,23,97,0,1,1,Low
28,1517,827,2344,8,4,14,High
17,1935,1189,3124,6,5,5,High
4,48,12,60,0,1,0,Low
10,288,59,347,2,1,5,Medium
19,1930,1156,3086,3,4,17,High
15,843,802,1645,6,3,18,High
30,670,911,1581,10,2,13,High
33,1870,336,2206,5,5,8,High
39,1784,362,2146,5,5,5,High
15,492,295,787,1,2,5,Medium
32,1348,1169,2517,7,7,18,High
1,35,10,45,0,0,1,Low
28,969,644,1613,7,3,10,High
3,18,49,67,1,1,0,Low
39,1052,994,2046,10,6,17,High
10,188,115,303,2,2,2,Medium
3,34,13,47,0,1,1,Low
12,414,346,760,4,1,6,Medium
2,49,20,69,0,0,0,Low
14,266,210,476,2,0,5,Medium
14,153,78,231,3,0,4,Medium
28,1977,604,2581,5,2,9,High
38,1879,448,2327,9,5,7,High
34,1958,1495,3453,3,2,20,High
13,175,327,502,4,0,1,Medium
26,900,1023,1923,4,4,14,High
20,1436,1304,2740,3,6,9,High
2,61,29,90,0,0,1,Low
30,1676,1273,2949,5,6,6,High
1,69,21,90,0,0,1,Low
27,731,1254,1985,7,7,14,High
13,205,230,435,4,1,1,Medium
20,909,630,1539,10,6,7,High
11,429,103,532,4,2,2,Medium
37,1765,1350,3115,4,5,14,High
12,134,161,295,2,1,4,Medium
8,245,58,303,2,0,5,Medium
3,11,19,30,0,0,1,Low
38,1625,1198,2823,10,7,13,High
14,462,190,652,4,2,1,Medium
36,1899,722,2621,4,4,8,High
2,75,44,119,0,1,1,Low
17,1286,1209,2495,10,7,5,High
4,27,46,73,0,1,0,Low
4,59,38,97,1,0,1,Low
4,5,1,6,1,1,0,Low
2,72,38,110,0,1,0,Low
17,1749,780,2529,4,2,17,High
33,801,1409,2210,7,6,9,High
2,74,38,112,0,1,1,Low
2,35,8,43,0,1,1,Low
15,319,67,386,3,2,1,Medium
13,422,274,696,1,2,5,Medium
40,583,1292,1875,10,7,17,High
15,457,239,696,3,1,4,Medium
23,749,900,1649,7,2,9,High
14,274,211,485,3,2,2,Medium
38,1845,1208,3053,8,7,19,High
18,1568,1112,2680,5,4,9,High
9,329,341,670,2,1,3,Medium
29,1102,476,1578,3,6,15,High
12,250,241,491,3,1,2,Medium
1,2,22,24,1,0,1,Low
8,115,108,223,1,0,6,Medium
28,1653,755,2408,9,6,11,High
7,242,91,333,1,2,2,Medium
19,844,995,1839,7,5,13,High
18,1600,767,2367,5,6,11,High
1,19,30,49,1,1,0,Low
9,313,193,506,4,0,4,Medium
25,1443,1210,2653,3,7,6,High
4,34,39,73,1,1,0,Low
2,44,16,60,1,0,1,Low
14,240,194,434,2,0,6,Medium
10,307,218,525,2,1,1,Medium
8,182,91,273,1,2,5,Medium
1,57,19,76,1,1,0,Low
3,77,38,115,0,0,1,Low
3,30,8,38,1,0,0,Low
14,362,345,707,2,1,2,Medium
35,1505,1019,2524,9,2,14,High
4,31,5,36,1,1,0,Low
35,1548,954,2502,7,4,5,High
32,1671,1038,2709,9,3,19,High
39,1665,1021,2686,10,4,20,High
5,454,337,791,4,0,6,Medium
14,432,73,505,3,1,3,Medium
13,221,90,311,3,1,2,Medium
4,71,44,115,1,0,1,Low
15,387,238,625,2,2,6,Medium
29,1745,353,2098,9,4,18,High
2,58,14,72,0,1,1,Low
17,625,1066,1691,10,7,8,High
35,745,443,1188,5,4,14,High
1,38,34,72,1,0,1,Low
37,962,1353,2315,3,6,20,High
24,703,853,1556,7,3,6,High
30,1273,442,1715,7,5,17,High
5,348,240,588,2,1,2,Medium
29,1194,325,1519,6,2,17,High
3,56,16,72,1,0,0,Low
9,167,83,250,2,0,2,Medium
14,222,225,447,4,1,1,Medium
3,38,40,78,0,0,1,Low
7,166,142,308,4,0,5,Medium
21,831,1488,2319,4,5,6,High
13,386,134,520,4,1,2,Medium
38,1951,1124,3075,10,6,9,High
21,1776,1465,3241,8,4,19,High
2,42,9,51,1,1,1,Low
3,77,28,105,0,0,1,Low
3,79,39,118,1,0,0,Low
7,287,212,499,1,2,4,Medium
3,44,16,60,0,1,0,Low
27,1360,1087,2447,8,5,6,High
2,63,33,96,0,1,0,Low
1,54,48,102,0,1,1,Low
19,1962,1014,2976,10,4,19,High
4,15,15,30,0,0,1,Low
39,1555,960,2515,4,6,5,High
15,195,152,347,4,1,2,Medium
19,1956,1106,3062,8,3,15,High
38,843,1340,2183,10,3,6,High
11,465,171,636,3,1,1,Medium
27,1980,739,2719,10,2,14,High
2,36,47,83,0,1,0,Low
6,186,51,237,4,1,5,Medium
4,8,40,48,0,1,1,Low
15,517,1488,2005,7,3,9,High
6,354,141,495,2,2,6,Medium
3,51,14,65,0,0,1,Low
15,117,198,315,4,2,6,Medium
33,1613,659,2272,8,5,11,High
6,319,293,612,4,1,3,Medium
6,374,260,634,4,2,6,Medium
1,22,46,68,0,0,1,Low
10,306,320,626,1,1,3,Medium
1,52,31,83,0,1,1,Low
2,63,5,68,0,0,0,Low
15,253,139,392,2,2,1,Medium
4,62,9,71,0,0,1,Low
2,21,47,68,0,0,1,Low
8,374,155,529,1,0,3,Medium
11,113,63,176,2,1,4,Medium
7,161,158,319,3,0,2,Medium
39,1399,1274,2673,10,3,18,High
4,20,37,57,1,0,0,Low
2,36,34,70,1,1,1,Low
11,384,197,581,1,1,4,Medium
34,1629,1048,2677,4,7,5,High
15,419,336,755,1,2,1,Medium
1,72,26,98,1,0,1,Low
10,263,88,351,1,1,6,Medium
30,1058,407,1465,10,3,16,High
20,653,870,1523,10,2,20,High
34,992,637,1629,3,4,10,High
21,1506,976,2482,5,7,15,High
1,79,1,80,1,0,1,Low
29,758,1022,1780,6,4,10,High
1,25,9,34,1,1,1,Low
26,1230,708,1938,4,4,7,High
20,1741,1447,3188,5,2,12,High
4,40,43,83,0,1,0,Low
4,20,21,41,1,1,1,Low
1,6,11,17,0,1,0,Low
3,4,34,38,0,0,0,Low
2,18,38,56,1,0,0,Low
15,252,134,386,1,2,5,Medium
36,961,1491,2452,9,2,9,High
4,70,2,72,0,1,1,Low
35,1921,982,2903,6,2,14,High
18,1638,695,2333,4,2,7,High
1,47,12,59,0,0,0,Low
1,20,9,29,1,0,1,Low
1,55,20,75,1,0,1,Low
6,475,124,599,1,0,1,Medium
7,110,134,244,1,1,5,Medium
4,79,1,80,0,1,1,Low
1,17,2,19,1,1,0,Low
28,716,495,1211,3,3,7,High
